Sezione,Livello,Voce,Impegni,Pagamenti
U,I,Spese correnti,"98.739.246,98","102.695.383,05"
U,II,   Redditi da lavoro dipendente,"17.725.240,24","17.940.978,44"
U,III,      Retribuzioni lorde,"14.108.380,21","13.859.264,67"
U,III,      Contributi sociali a carico dell'ente,"3.616.860,03","4.081.713,77"
U,II,   Imposte e tasse a carico dell'ente,"1.077.116,85","1.159.536,77"
U,III,"      Imposte, tasse e proventi assimilati a carico dell'ente","1.077.116,85","1.159.536,77"
U,II,   Acquisto di beni e servizi,"65.692.654,44","68.647.500,16"
U,III,      Acquisto di beni,"2.899.531,96","2.730.069,61"
U,III,      Acquisto di servizi,"62.793.122,48","65.917.430,55"
U,II,   Trasferimenti correnti,"10.423.417,39","11.189.035,76"
U,III,      Trasferimenti correnti a Amministrazioni Pubbliche,"1.428.735,76","1.585.789,72"
U,III,      Trasferimenti correnti a Famiglie,"2.594.242,86","3.710.262,77"
U,III,      Trasferimenti correnti a Imprese,"6.334.497,21","5.850.387,54"
U,III,      Trasferimenti correnti a Istituzioni Sociali Private,"65.941,56","42.595,73"
U,III,      Trasferimenti correnti versati all'Unione Europea e al Resto del Mondo,"0,00","0,00"
U,II,   Trasferimenti di tributi,"0,00","0,00"
U,III,      Trasferimenti di tributi a titolo di devoluzioni,"0,00","0,00"
U,III,      Compartecipazioni di tributi a Amministrazioni Locali non destinate al finanziamento della spesa sanitaria,"0,00","0,00"
U,III,      Trasferimenti di tributi a Amministrazioni Locali per finanziamento spesa sanitaria,"0,00","0,00"
U,II,   Fondi perequativi,"0,00","0,00"
U,III,      Fondi perequativi,"0,00","0,00"
U,II,   Interessi passivi,"3.621.150,30","3.628.000,52"
U,III,      Interessi passivi su titoli obbligazionari a breve termine,"0,00","0,00"
U,III,      Interessi passivi su titoli obbligazionari a medio-lungo termine,"0,00","0,00"
U,III,      Interessi passivi su buoni postali,"0,00","0,00"
U,III,      Interessi su finanziamenti a breve termine,"135.551,14","135.551,14"
U,III,      Interessi su Mutui e altri finanziamenti a medio lungo termine,"3.012.368,15","3.005.449,97"
U,III,      Altri interessi passivi,"473.231,01","486.999,41"
U,II,   Altre spese per redditi da capitale,"0,00","0,00"
U,III,      Utili e avanzi distribuiti in uscita,"0,00","0,00"
U,III,      Diritti reali di godimento e servitù onerose,"0,00","0,00"
U,III,      Altre spese per redditi da capitale n.a.c.,"0,00","0,00"
U,II,   Rimborsi e poste correttive delle entrate,"28.955,27","32.901,07"
U,III,"      Rimborsi per spese di personale (comando, distacco, fuori ruolo, convenzioni, ecc.)","160,00","0,00"
U,III,      Rimborsi di imposte in uscita,"0,00","0,00"
U,III,      Rimborsi di trasferimenti all'Unione Europea,"0,00","0,00"
U,III,      Altri Rimborsi di parte corrente di somme non dovute o incassate in eccesso,"28.795,27","32.901,07"
U,II,   Altre spese correnti,"170.712,49","97.430,33"
U,III,      Fondi di riserva e altri accantonamenti,"0,00","0,00"
U,III,      Fondo pluriennale vincolato,"0,00","0,00"
U,III,      Versamenti IVA a debito,"0,00","0,00"
U,III,      Premi di assicurazione,"17.860,80","16.046,36"
U,III,"      Spese dovute a sanzioni, risarcimenti e indennizzi","115.755,19","349,95"
U,III,      Altre spese correnti n.a.c.,"37.096,50","81.034,02"
U,I,Spese in conto capitale,"35.282.679,31","8.174.994,27"
U,II,   Tributi in conto capitale a carico dell'ente,"0,00","0,00"
U,III,      Tributi in conto capitale a carico dell'ente,"0,00","0,00"
U,III,      Altri tributi in conto capitale,"0,00","0,00"
U,II,   Investimenti fissi lordi e acquisto di terreni,"35.282.679,31","8.174.994,27"
U,III,      Beni materiali,"35.275.477,60","8.030.021,67"
U,III,      Terreni e beni materiali non prodotti,"0,00","0,00"
U,III,      Beni immateriali,"7.201,71","144.972,60"
U,III,      Beni materiali acquisiti mediante operazioni di leasing finanziario,"0,00","0,00"
U,III,      Terreni e beni materiali non prodotti acquisiti mediante operazioni di leasing finanziario,"0,00","0,00"
U,III,      Beni immateriali acquisiti mediante operazioni di leasing finanziario,"0,00","0,00"
U,II,   Contributi agli investimenti,"0,00","0,00"
U,III,      Contributi agli investimenti a Amministrazioni pubbliche,"0,00","0,00"
U,III,      Contributi agli investimenti a Famiglie,"0,00","0,00"
U,III,      Contributi agli investimenti a Imprese,"0,00","0,00"
U,III,      Contributi agli investimenti a Istituzioni Sociali Private,"0,00","0,00"
U,III,      Contributi agli investimenti all'Unione Europea e al Resto del Mondo,"0,00","0,00"
U,II,   Altri trasferimenti in conto capitale,"0,00","0,00"
U,III,      Altri trasferimenti in conto capitale per assunzione di debiti di amministrazioni pubbliche,"0,00","0,00"
U,III,      Altri trasferimenti in conto capitale per assunzione di debiti di Famiglie,"0,00","0,00"
U,III,      Altri trasferimenti in conto capitale per assunzione di debiti di Imprese,"0,00","0,00"
U,III,      Altri trasferimenti in conto capitale per assunzione di debiti di Istituzioni Sociali Private,"0,00","0,00"
U,III,      Altri trasferimenti in conto capitale per assunzione di debiti dell'Unione Europea e del Resto del Mondo,"0,00","0,00"
U,III,      Altri trasferimenti in conto capitale per cancellazione di crediti verso amministrazioni pubbliche,"0,00","0,00"
U,III,      Altri trasferimenti in conto capitale per cancellazione di crediti verso Famiglie,"0,00","0,00"
U,III,      Altri trasferimenti in conto capitale per cancellazione di crediti verso Imprese,"0,00","0,00"
U,III,      Altri trasferimenti in conto capitale per cancellazione di crediti verso Istituzioni Sociali Private,"0,00","0,00"
U,III,      Altri trasferimenti in conto capitale per cancellazione di crediti verso Unione Europea e Resto del Mondo,"0,00","0,00"
U,III,      Altri trasferimenti in conto capitale verso amministrazioni pubbliche per escussione di garanzie,"0,00","0,00"
U,III,      Altri trasferimenti in conto capitale verso Famiglie per escussione di garanzie,"0,00","0,00"
U,III,      Altri trasferimenti in conto capitale verso Imprese per escussione di garanzie,"0,00","0,00"
U,III,      Altri trasferimenti in conto capitale verso Istituzioni Sociali Private  per escussione di garanzie,"0,00","0,00"
U,III,      Altri trasferimenti in conto capitale verso Unione Europea e Resto del Mondo per escussione di garanzie,"0,00","0,00"
U,III,      Trasferimenti in conto capitale erogati a titolo di ripiano disavanzi pregressi ad Amministrazioni pubbliche,"0,00","0,00"
U,III,      Trasferimenti in conto capitale erogati a titolo di ripiano disavanzi pregressi a Famiglie,"0,00","0,00"
U,III,      Trasferimenti in conto capitale erogati a titolo di ripiano disavanzi pregressi a Imprese,"0,00","0,00"
U,III,      Trasferimenti in conto capitale erogati a titolo di ripiano disavanzi pregressi a Istituzioni Sociali Private,"0,00","0,00"
U,III,      Trasferimenti in conto capitale erogati a titolo di ripiano disavanzi pregressi all'Unione Europea e al Resto del Mondo,"0,00","0,00"
U,III,      Altri trasferimenti in conto capitale n.a.c. ad Amministrazioni pubbliche,"0,00","0,00"
U,III,      Altri trasferimenti in conto capitale n.a.c. a Famiglie,"0,00","0,00"
U,III,      Altri trasferimenti in conto capitale n.a.c. a Imprese,"0,00","0,00"
U,III,      Altri trasferimenti in conto capitale n.a.c. a Istituzioni Sociali Private,"0,00","0,00"
U,III,      Altri trasferimenti in conto capitale n.a.c. all'Unione Europea e al Resto del Mondo,"0,00","0,00"
U,II,   Altre spese in conto capitale,"0,00","0,00"
U,III,      Fondi di riserva e altri accantonamenti in c/capitale,"0,00","0,00"
U,III,      Fondi pluriennali vincolati c/capitale,"0,00","0,00"
U,III,      Fondo crediti di dubbia e difficile esazione in c/capitale,"0,00","0,00"
U,III,      Altri rimborsi in conto capitale di somme non dovute o incassate in eccesso,"0,00","0,00"
U,III,      Altre spese in conto capitale n.a.c.,"0,00","0,00"
U,I,Spese per incremento attività finanziarie,"0,00","0,00"
U,II,   Acquisizioni di attività finanziarie,"0,00","0,00"
U,III,      Acquisizioni di partecipazioni e conferimenti di capitale,"0,00","0,00"
U,III,      Acquisizioni di quote di fondi comuni di investimento,"0,00","0,00"
U,III,      Acquisizione di titoli obbligazionari a breve termine,"0,00","0,00"
U,III,      Acquisizione di titoli obbligazionari a medio-lungo termine,"0,00","0,00"
U,II,   Concessione crediti di breve termine,"0,00","0,00"
U,III,      Concessione crediti di breve periodo a tasso agevolato a Amministrazioni Pubbliche,"0,00","0,00"
U,III,      Concessione crediti di breve periodo a tasso agevolato a Famiglie,"0,00","0,00"
U,III,      Concessione crediti di breve periodo a tasso agevolato a Imprese,"0,00","0,00"
U,III,      Concessione crediti di breve periodo a tasso agevolato a Istituzioni Sociali Private,"0,00","0,00"
U,III,      Concessione crediti di breve periodo a tasso agevolato all'Unione Europea e al Resto del Mondo,"0,00","0,00"
U,III,      Concessione crediti di breve periodo a tasso non agevolato a Amministrazione Pubbliche,"0,00","0,00"
U,III,      Concessione crediti di breve periodo a tasso non agevolato a Famiglie,"0,00","0,00"
U,III,      Concessione crediti di breve periodo a tasso non agevolato a Imprese,"0,00","0,00"
U,III,      Concessione crediti di breve periodo a tasso non agevolato a Istituzioni Sociali Private,"0,00","0,00"
U,III,      Concessione crediti di breve periodo a tasso non agevolato all'Unione Europea e al Resto del Mondo,"0,00","0,00"
U,II,   Concessione crediti di medio-lungo termine,"0,00","0,00"
U,III,      Concessione Crediti di medio-lungo termine a tasso agevolato a Amministrazione Pubbliche,"0,00","0,00"
U,III,      Concessione Crediti di medio-lungo termine a tasso agevolato a Famiglie,"0,00","0,00"
U,III,      Concessione Crediti di medio-lungo termine a tasso agevolato a Imprese,"0,00","0,00"
U,III,      Concessione Crediti di medio-lungo termine a tasso agevolato a Istituzioni Sociali Private,"0,00","0,00"
U,III,      Concessione Crediti di medio-lungo termine a tasso agevolato all'Unione Europea e al Resto del Mondo,"0,00","0,00"
U,III,      Concessione crediti di medio-lungo termine a tasso non agevolato a Amministrazione Pubbliche,"0,00","0,00"
U,III,      Concessione crediti di medio-lungo termine a tasso non agevolato a Famiglie,"0,00","0,00"
U,III,      Concessione crediti di medio-lungo termine a tasso non agevolato a Imprese,"0,00","0,00"
U,III,      Concessione crediti di medio-lungo termine a tasso non agevolato a Istituzioni Sociali Private,"0,00","0,00"
U,III,      Concessione crediti di medio-lungo termine a tasso non agevolato all'Unione Europea e al Resto del Mondo,"0,00","0,00"
U,III,      Concessione crediti a Amministrazioni Pubbliche a seguito di escussione di garanzie,"0,00","0,00"
U,III,      Concessione crediti a Famiglie a seguito di escussione di garanzie,"0,00","0,00"
U,III,      Concessione crediti a Imprese a seguito di escussione di garanzie,"0,00","0,00"
U,III,      Concessione crediti a Istituzioni Sociali Private  a seguito di escussione di garanzie,"0,00","0,00"
U,III,      Concessione crediti a Unione Europea e del Resto del Mondo a seguito di escussione di garanzie,"0,00","0,00"
U,II,   Altre spese per incremento di attività finanziarie,"0,00","0,00"
U,III,      Incremento di altre attività finanziarie verso Amministrazione Pubbliche,"0,00","0,00"
U,III,      Incremento di altre attività finanziarie verso Famiglie,"0,00","0,00"
U,III,      Incremento di altre attività finanziarie verso Imprese,"0,00","0,00"
U,III,      Incremento di altre attività finanziarie verso Istituzioni Sociali Private,"0,00","0,00"
U,III,      Incremento di altre attività finanziarie verso UE e Resto del Mondo,"0,00","0,00"
U,III,      Versamenti ai conti di tesoreria statale (da parte dei soggetti non sottoposti al regime di Tesoreria Unica),"0,00","0,00"
U,III,      Versamenti a depositi bancari,"0,00","0,00"
U,III,      Spese da derivato di ammortamento,"0,00","0,00"
U,III,      Fondo pluriennale vincolato per attività finanziarie,"0,00","0,00"
U,I,Rimborso Prestiti,"2.108.534,47","2.108.534,47"
U,II,   Rimborso di titoli obbligazionari,"1.204.030,10","1.204.030,10"
U,III,      Rimborso di titoli obbligazionari a breve termine,"0,00","0,00"
U,III,      Rimborso di titoli obbligazionari a medio-lungo termine,"1.204.030,10","1.204.030,10"
U,II,   Rimborso prestiti a breve termine,"0,00","0,00"
U,III,      Rimborso Finanziamenti a breve termine,"0,00","0,00"
U,III,      Chiusura Anticipazioni,"0,00","0,00"
U,II,   Rimborso mutui e altri finanziamenti a medio lungo termine,"904.504,37","904.504,37"
U,III,      Rimborso Mutui e altri finanziamenti a medio lungo termine,"904.504,37","904.504,37"
U,III,      Rimborso prestiti da attualizzazione Contributi Pluriennali,"0,00","0,00"
U,II,   Rimborso di altre forme di indebitamento,"0,00","0,00"
U,III,      Rimborso prestiti - Buoni postali,"0,00","0,00"
U,III,      Rimborso Prestiti - Leasing finanziario,"0,00","0,00"
U,III,      Rimborso Prestiti - Operazioni di cartolarizzazione,"0,00","0,00"
U,III,      Rimborso prestiti - Derivati,"0,00","0,00"
U,III,      Versamenti al Fondo di ammortamento titoli,"0,00","0,00"
U,II,   Fondi per rimborso prestiti,"0,00","0,00"
U,III,      Fondo per il D.L. n. 35/2013 e successive modificazioni e rifinanziamenti,"0,00","0,00"
U,III,      Altri fondi per rimborso prestiti,"0,00","0,00"
U,I,Chiusura Anticipazioni ricevute da istituto tesoriere/cassiere,"57.427.025,48","64.817.494,34"
U,II,   Chiusura Anticipazioni ricevute da istituto tesoriere/cassiere,"57.427.025,48","64.817.494,34"
U,III,      Chiusura Anticipazioni ricevute da istituto tesoriere/cassiere,"57.427.025,48","64.817.494,34"
U,I,Scarti di emissione di titoli emessi dall`amministrazione,"0,00","0,00"
U,II,   Scarti di emissione di titoli emessi dall`amministrazione,"0,00","0,00"
U,III,      Scarti di emissione di titoli emessi dall`amministrazione,"0,00","0,00"
U,I,Uscite per conto terzi e partite di giro,"25.182.671,95","34.144.660,32"
U,II,   Uscite per partite di giro,"23.147.353,56","33.834.967,84"
U,III,      Versamenti di altre ritenute,"7.822.767,73","7.697.584,36"
U,III,      Versamenti di ritenute su Redditi da lavoro dipendente,"4.733.353,05","5.377.174,43"
U,III,      Versamenti di ritenute su Redditi da lavoro autonomo,"327.816,56","337.665,03"
U,III,      Trasferimento di risorse dalla gestione ordinaria alla gestione sanitaria della Regione,"0,00","0,00"
U,III,      Altre uscite per partite di giro,"10.263.416,22","20.422.544,02"
U,II,   Uscite per conto terzi,"2.035.318,39","309.692,48"
U,III,      Acquisto di beni e servizi per conto terzi,"0,00","0,00"
U,III,      Trasferimenti per conto terzi a Amministrazioni pubbliche,"1.350.933,84","0,00"
U,III,      Trasferimenti per conto terzi a Altri settori,"2.220,00","2.218,00"
U,III,      Depositi di/presso terzi,"0,00","0,00"
U,III,      Versamenti di imposte e tributi riscosse per conto terzi,"0,00","0,00"
U,III,      Altre uscite per conto terzi,"682.164,55","307.474,48"