DENOMINAZIONE,STATOPATRIMONIALE,CONDGIUR,CESPITE,DAL,INDIRIZZO,RES11,FON11,RES3112,FON3112,STORICOCF,QUOTA,COMUNECATASTALE,FOGLIO,PARTICELLA,SUBALTERNO,SUPERFICIE,QUALITA
Fabbricati,1.2.2.02.09.99.999 - Beni immobili n.a.c.,INDISPONIBILE,"...EDIFICIO PARTICOLARE - VIA SESIA, SNC - LECCE - EDIFICIO PARTICOLARE - FG. 176 P.LLA 1113 SUB. 1",01/01/2019,"SESIA, SNC Piano T","41.383,44€","3.598,56€","40.483,80€","4.498,20€",-   €,"899,64€",LECCE,176,1113,1,0,E/9  - EDIF. A DESTINAZIONI PARTICOLARI
Fabbricati,1.2.2.02.09.99.999 - Beni immobili n.a.c.,INDISPONIBILE,"FABBRICATO SPECIALI ESIGENZE PUBBL. - VIA SAN MASSIMILIANO KOLBE, SNC - LECCE - FABBRICATO SPECIALI ESIGENZE PUBBL. - FG. 198 P.LLA 572 SUB. 1",01/01/2019,"SAN MASSIMILIANO KOLBE, SNC Piano T","594.621,30€","51.706,20€","581.694,75€","64.632,75€",-   €,"12.926,55€",LECCE,198,572,1,0,D/8  - FABBR. PER SPEC. ESIGENZE COMM.
Fabbricati,1.2.2.02.09.99.999 - Beni immobili n.a.c.,INDISPONIBILE,"ALLOGGIO E GARAGE - PIAZZALE SONDRIO, 11 - LECCE - GARAGE - FG. 198 P.LLA 585 SUB. 47",01/01/2019,"SONDRIO, 11 Piano 1","7.139,42€","620,84€","6.984,21€","776,05€",-   €,"155,21€",LECCE,198,585,47,0,"C/6  - STALLE, SCUDERIE, AUTORIMESSE"
Fabbricati,1.2.2.02.09.99.999 - Beni immobili n.a.c.,INDISPONIBILE,"ALLOGGIO E GARAGE - PIAZZALE SONDRIO, 11 - LECCE - GARAGE - FG. 198 P.LLA 585 SUB. 48",01/01/2019,"SONDRIO, 11 Piano 1","7.139,42€","620,84€","6.984,21€","776,05€",-   €,"155,21€",LECCE,198,585,48,0,"C/6  - STALLE, SCUDERIE, AUTORIMESSE"
Fabbricati,1.2.2.02.09.99.999 - Beni immobili n.a.c.,INDISPONIBILE,"ALLOGGIO E GARAGE - PIAZZALE SONDRIO, 11 - LECCE - GARAGE - FG. 198 P.LLA 585 SUB. 52",01/01/2019,"SONDRIO, 11 Piano 1","7.139,42€","620,84€","6.984,21€","776,05€",-   €,"155,21€",LECCE,198,585,52,0,"C/6  - STALLE, SCUDERIE, AUTORIMESSE"
Fabbricati,1.2.2.02.09.99.999 - Beni immobili n.a.c.,INDISPONIBILE,"ALLOGGIO E GARAGE - PIAZZALE SONDRIO, 11 - LECCE - GARAGE - FG. 198 P.LLA 585 SUB. 60",01/01/2019,"SONDRIO, 11 Piano 1","7.139,42€","620,84€","6.984,21€","776,05€",-   €,"155,21€",LECCE,198,585,60,0,"C/6  - STALLE, SCUDERIE, AUTORIMESSE"
Fabbricati,1.2.2.02.09.99.999 - Beni immobili n.a.c.,INDISPONIBILE,"ALLOGGIO E GARAGE - PIAZZALE SONDRIO, 11 - LECCE - GARAGE - FG. 198 P.LLA 585 SUB. 66",01/01/2019,"SONDRIO, 11 Piano 1","7.139,42€","620,84€","6.984,21€","776,05€",-   €,"155,21€",LECCE,198,585,66,0,"C/6  - STALLE, SCUDERIE, AUTORIMESSE"
Fabbricati,1.2.2.02.09.99.999 - Beni immobili n.a.c.,INDISPONIBILE,"ALLOGGIO E GARAGE - PIAZZALE SONDRIO, 11 - LECCE - GARAGE - FG. 198 P.LLA 585 SUB. 70",01/01/2019,"SONDRIO, 11 Piano 1","7.139,42€","620,84€","6.984,21€","776,05€",-   €,"155,21€",LECCE,198,585,70,0,"C/6  - STALLE, SCUDERIE, AUTORIMESSE"
Fabbricati,1.2.2.02.09.99.999 - Beni immobili n.a.c.,INDISPONIBILE,"ALLOGGIO E GARAGE - PIAZZALE SONDRIO, 11 - LECCE - GARAGE - FG. 198 P.LLA 585 SUB. 71",01/01/2019,"SONDRIO, 11 Piano 1","7.139,42€","620,84€","6.984,21€","776,05€",-   €,"155,21€",LECCE,198,585,71,0,"C/6  - STALLE, SCUDERIE, AUTORIMESSE"
Fabbricati,1.2.2.02.09.99.999 - Beni immobili n.a.c.,INDISPONIBILE,"...FABBRICATI SPECIALI - VIA MARCO POLO, 1 - LECCE - FABBRICATI SPECIALI - FG. 149 P.LLA 362",01/01/2019,"MARCO POLO, 1 Piano T-S1 - S2","36.543,53€","3.177,72€","35.749,10€","3.972,15€",-   €,"794,43€",LECCE,149,362,,0,E/3  - FABBR. PER SPEC. ESIGENZE PUBBL.
Fabbricati,1.2.2.02.09.99.999 - Beni immobili n.a.c.,INDISPONIBILE,"ALLOGGIO E GARAGE - PIAZZALE SONDRIO, 11 - LECCE - GARAGE - FG. 198 P.LLA 585 SUB. 37",01/01/2019,"SONDRIO, 11 Piano 1","7.139,42€","620,84€","6.984,21€","776,05€",-   €,"155,21€",LECCE,198,585,37,0,"C/6  - STALLE, SCUDERIE, AUTORIMESSE"
Fabbricati,1.2.2.02.09.99.999 - Beni immobili n.a.c.,INDISPONIBILE,"ALLOGGIO E GARAGE - PIAZZALE SONDRIO, 11 - LECCE - GARAGE - FG. 198 P.LLA 585 SUB. 39",01/01/2019,"SONDRIO, 11 Piano 1","7.139,42€","620,84€","6.984,21€","776,05€",-   €,"155,21€",LECCE,198,585,39,0,"C/6  - STALLE, SCUDERIE, AUTORIMESSE"
Fabbricati,1.2.2.02.09.99.999 - Beni immobili n.a.c.,INDISPONIBILE,"ALLOGGIO E GARAGE - PIAZZALE SONDRIO, 11 - LECCE - GARAGE - FG. 198 P.LLA 585 SUB. 44",01/01/2019,"SONDRIO, 11 Piano 1","7.139,42€","620,84€","6.984,21€","776,05€",-   €,"155,21€",LECCE,198,585,44,0,"C/6  - STALLE, SCUDERIE, AUTORIMESSE"
Fabbricati,1.2.2.02.09.99.999 - Beni immobili n.a.c.,INDISPONIBILE,"ALLOGGIO E GARAGE - PIAZZALE SONDRIO, 11 - LECCE - GARAGE - FG. 198 P.LLA 585 SUB. 46",01/01/2019,"SONDRIO, 11 Piano 1","7.139,42€","620,84€","6.984,21€","776,05€",-   €,"155,21€",LECCE,198,585,46,0,"C/6  - STALLE, SCUDERIE, AUTORIMESSE"
Fabbricati,1.2.2.02.09.99.999 - Beni immobili n.a.c.,INDISPONIBILE,"ALLOGGIO E GARAGE - PIAZZALE SONDRIO, 11 - LECCE - GARAGE - FG. 198 P.LLA 585 SUB. 53",01/01/2019,"SONDRIO, 11 Piano 1","7.139,42€","620,84€","6.984,21€","776,05€",-   €,"155,21€",LECCE,198,585,53,0,"C/6  - STALLE, SCUDERIE, AUTORIMESSE"
Fabbricati,1.2.2.02.09.99.999 - Beni immobili n.a.c.,INDISPONIBILE,"ALLOGGIO E GARAGE - PIAZZALE SONDRIO, 11 - LECCE - GARAGE - FG. 198 P.LLA 585 SUB. 67",01/01/2019,"SONDRIO, 11 Piano 1","7.139,42€","620,84€","6.984,21€","776,05€",-   €,"155,21€",LECCE,198,585,67,0,"C/6  - STALLE, SCUDERIE, AUTORIMESSE"
Fabbricati,1.2.2.02.09.99.999 - Beni immobili n.a.c.,INDISPONIBILE,"ALLOGGIO E GARAGE - PIAZZALE SONDRIO, 11 - LECCE - GARAGE - FG. 198 P.LLA 585 SUB. 68",01/01/2019,"SONDRIO, 11 Piano 1","7.139,42€","620,84€","6.984,21€","776,05€",-   €,"155,21€",LECCE,198,585,68,0,"C/6  - STALLE, SCUDERIE, AUTORIMESSE"
Fabbricati,1.2.2.02.09.99.999 - Beni immobili n.a.c.,INDISPONIBILE,"...DEPOSITO - TANGENZIALE EST, SNC - LECCE - DEPOSITO - FG. 179 P.LLA 349",01/01/2019,"EST, Piano T","6.704,80€","583,04€","6.559,04€","728,80€",-   €,"145,76€",LECCE,179,349,,0,C/2  - MAGAZZINI E LOCALI DI DEPOSITO
Fabbricati,1.2.2.02.09.99.999 - Beni immobili n.a.c.,INDISPONIBILE,"ALLOGGIO, GARAGE E DEPOSITI - VIA POZZUOLO, 26 - LECCE - DEPOSITO - FG. 211 P.LLA 1852 SUB. 33",01/01/2019,"POZZUOLO, 20 Piano 1 int. 1","1.685,31€","146,56€","1.648,67€","183,20€",-   €,"36,64€",LECCE,211,1852,33,0,C/2  - MAGAZZINI E LOCALI DI DEPOSITO
Fabbricati,1.2.2.02.09.99.999 - Beni immobili n.a.c.,INDISPONIBILE,"ALLOGGIO, GARAGE E DEPOSITI - VIA POZZUOLO, 26 - LECCE - DEPOSITO - FG. 211 P.LLA 1852 SUB. 48",01/01/2019,"POZZUOLO, 20 Piano 1 int. 1","1.685,31€","146,56€","1.648,67€","183,20€",-   €,"36,64€",LECCE,211,1852,48,0,C/2  - MAGAZZINI E LOCALI DI DEPOSITO
Fabbricati,1.2.2.02.09.99.999 - Beni immobili n.a.c.,INDISPONIBILE,"ALLOGGIO, GARAGE E DEPOSITI - VIA POZZUOLO, 26 - LECCE - DEPOSITO - FG. 211 P.LLA 1852 SUB. 49",01/01/2019,"POZZUOLO, 20 Piano 1 int. 1","1.685,31€","146,56€","1.648,67€","183,20€",-   €,"36,64€",LECCE,211,1852,49,0,C/2  - MAGAZZINI E LOCALI DI DEPOSITO
Fabbricati,1.2.2.02.09.99.999 - Beni immobili n.a.c.,INDISPONIBILE,"ALLOGGIO, GARAGE E DEPOSITI - VIA POZZUOLO, 26 - LECCE - DEPOSITO - FG. 211 P.LLA 1852 SUB. 51",01/01/2019,"POZZUOLO, 20 Piano 1 int. 1","1.685,31€","146,56€","1.648,67€","183,20€",-   €,"36,64€",LECCE,211,1852,51,0,C/2  - MAGAZZINI E LOCALI DI DEPOSITO
Fabbricati,1.2.2.02.09.99.999 - Beni immobili n.a.c.,INDISPONIBILE,"ALLOGGIO E GARAGE - PIAZZALE SONDRIO, 11 - LECCE - GARAGE - FG. 198 P.LLA 585 SUB. 41",01/01/2019,"SONDRIO, 11 Piano 1","7.139,42€","620,84€","6.984,21€","776,05€",-   €,"155,21€",LECCE,198,585,41,0,"C/6  - STALLE, SCUDERIE, AUTORIMESSE"
Fabbricati,1.2.2.02.09.99.999 - Beni immobili n.a.c.,INDISPONIBILE,"ALLOGGIO E GARAGE - PIAZZALE SONDRIO, 11 - LECCE - GARAGE - FG. 198 P.LLA 585 SUB. 45",01/01/2019,"SONDRIO, 11 Piano 1","7.139,42€","620,84€","6.984,21€","776,05€",-   €,"155,21€",LECCE,198,585,45,0,"C/6  - STALLE, SCUDERIE, AUTORIMESSE"
Fabbricati,1.2.2.02.09.99.999 - Beni immobili n.a.c.,INDISPONIBILE,"ALLOGGIO E GARAGE - PIAZZALE SONDRIO, 11 - LECCE - GARAGE - FG. 198 P.LLA 585 SUB. 49",01/01/2019,"SONDRIO, 11 Piano 1","7.139,42€","620,84€","6.984,21€","776,05€",-   €,"155,21€",LECCE,198,585,49,0,"C/6  - STALLE, SCUDERIE, AUTORIMESSE"
Fabbricati,1.2.2.02.09.99.999 - Beni immobili n.a.c.,INDISPONIBILE,"ALLOGGIO E GARAGE - PIAZZALE SONDRIO, 11 - LECCE - GARAGE - FG. 198 P.LLA 585 SUB. 56",01/01/2019,"SONDRIO, 11 Piano 1","7.139,42€","620,84€","6.984,21€","776,05€",-   €,"155,21€",LECCE,198,585,56,0,"C/6  - STALLE, SCUDERIE, AUTORIMESSE"
Fabbricati,1.2.2.02.09.99.999 - Beni immobili n.a.c.,INDISPONIBILE,"ALLOGGIO E GARAGE - PIAZZALE SONDRIO, 11 - LECCE - GARAGE - FG. 198 P.LLA 585 SUB. 59",01/01/2019,"SONDRIO, 11 Piano 1","7.139,42€","620,84€","6.984,21€","776,05€",-   €,"155,21€",LECCE,198,585,59,0,"C/6  - STALLE, SCUDERIE, AUTORIMESSE"
Fabbricati,1.2.2.02.09.99.999 - Beni immobili n.a.c.,INDISPONIBILE,"EDIFICIO PARTICOLARE PARCO E LOCALI TAX ROAD- VIALE DELLA LIBERTA', SNC - LECCE - EDIFICIO PARTICOLARE - FG. 198 P.LLA 743 SUB. 1",01/01/2019,"DELLA LIBERTA', SNC Piano S1-T","327.256,14€","28.100,08€","320.149,02€","35.207,20€",-   €,"7.107,12€",LECCE,198,743,1,0,E/9  - EDIF. A DESTINAZIONI PARTICOLARI
Fabbricati,1.2.2.02.09.99.999 - Beni immobili n.a.c.,INDISPONIBILE,"MASSERIA PARCO RAUCCIO UFFICIO WWF/ SITO TURISTICO MASSERIA RAUCCIO  - VIA DEL PARCO DI RAUCCIO, SNC - LECCE - ALLOGGIO - FG. 43 P.LLA 187",01/01/2019,"DEL PARCO DI RAUCCIO, SN Piano T-1","131.549,12€","11.439,04€","128.689,36€","14.298,80€",-   €,"2.859,76€",LECCE,43,187,,0,A/10 - UFFICI O STUDI PRIVATI
Fabbricati,1.2.2.02.09.99.999 - Beni immobili n.a.c.,INDISPONIBILE,"RUDERE PROV. DAL FEDERALISMO DEMANIALE - VIA IDUME, 21 - LECCE - RUDERE - FG. 44 P.LLA 379 SUB. 5",01/01/2019,"IDUME, 21 Piano T",-   €,-   €,-   €,-   €,-   €,-   €,LECCE,44,379,5,0,F/2  - UNITÀ COLLABENTI
Fabbricati,1.2.2.02.09.99.999 - Beni immobili n.a.c.,INDISPONIBILE,"EX SEDE CIRCOSCRIZIONALE - PIAZZETTA BERTACCHI, SNC - LECCE - EX SEDE CIRCOSCRIZIONALE - FG. 82 P.LLA 242 SUB. 4",01/01/2019,"BERTACCHI, SNC Piano T-1","113.150,45€","9.839,16€","110.690,66€","12.298,95€",-   €,"2.459,79€",LECCE,82,242,4,0,"B/1  - COLLEGI, OSPIZI, CASERME, CONVEN."
Fabbricati,1.2.2.02.09.99.999 - Beni immobili n.a.c.,INDISPONIBILE,"ALLOGGIO, GARAGE E DEPOSITI - VIA POZZUOLO, 26 - LECCE - GARAGE - FG. 211 P.LLA 1852 SUB. 71",01/01/2019,"POZZUOLO, 20 Piano 1 int. 1","5.147,47€","447,60€","5.035,57€","559,50€",-   €,"111,90€",LECCE,211,1852,71,0,"C/6  - STALLE, SCUDERIE, AUTORIMESSE"
Fabbricati,1.2.2.02.09.99.999 - Beni immobili n.a.c.,INDISPONIBILE,"ALLOGGIO, GARAGE E DEPOSITI - VIA POZZUOLO, 26 - LECCE - GARAGE - FG. 211 P.LLA 1852 SUB. 73",01/01/2019,"POZZUOLO, 20 Piano 1 int. 1","5.147,47€","447,60€","5.035,57€","559,50€",-   €,"111,90€",LECCE,211,1852,73,0,"C/6  - STALLE, SCUDERIE, AUTORIMESSE"
Fabbricati,1.2.2.02.09.99.999 - Beni immobili n.a.c.,INDISPONIBILE,"ALLOGGIO, GARAGE E DEPOSITI - VIA POZZUOLO, 26 - LECCE - GARAGE - FG. 211 P.LLA 1852 SUB. 80",01/01/2019,"POZZUOLO, 20 Piano 1 int. 1","5.147,47€","447,60€","5.035,57€","559,50€",-   €,"111,90€",LECCE,211,1852,80,0,"C/6  - STALLE, SCUDERIE, AUTORIMESSE"
Fabbricati,1.2.2.02.09.99.999 - Beni immobili n.a.c.,INDISPONIBILE,"ALLOGGIO, GARAGE E DEPOSITI - VIA POZZUOLO, 26 - LECCE - GARAGE - FG. 211 P.LLA 1852 SUB. 82",01/01/2019,"POZZUOLO, 20 Piano 1 int. 1","5.147,47€","447,60€","5.035,57€","559,50€",-   €,"111,90€",LECCE,211,1852,82,0,"C/6  - STALLE, SCUDERIE, AUTORIMESSE"
Fabbricati,1.2.2.02.09.99.999 - Beni immobili n.a.c.,INDISPONIBILE,"ALLOGGIO, GARAGE E DEPOSITI - VIA POZZUOLO, 26 - LECCE - GARAGE - FG. 211 P.LLA 1852 SUB. 88",01/01/2019,"POZZUOLO, 20 Piano 1 int. 1","7.918,42€","688,56€","7.746,28€","860,70€",-   €,"172,14€",LECCE,211,1852,88,0,"C/6  - STALLE, SCUDERIE, AUTORIMESSE"
Fabbricati,1.2.2.02.09.99.999 - Beni immobili n.a.c.,INDISPONIBILE,"ALLOGGIO, GARAGE E DEPOSITI - VIA POZZUOLO, 26 - LECCE - GARAGE - FG. 211 P.LLA 1852 SUB. 90",01/01/2019,"POZZUOLO, 20 Piano 1 int. 1","7.918,42€","688,56€","7.746,28€","860,70€",-   €,"172,14€",LECCE,211,1852,90,0,"C/6  - STALLE, SCUDERIE, AUTORIMESSE"
Fabbricati,1.2.2.02.09.99.999 - Beni immobili n.a.c.,INDISPONIBILE,"ALLOGGIO, GARAGE E DEPOSITI - VIA POZZUOLO, 26 - LECCE - GARAGE - FG. 211 P.LLA 1852 SUB. 92",01/01/2019,"POZZUOLO, 20 Piano 1 int. 1","7.918,42€","688,56€","7.746,28€","860,70€",-   €,"172,14€",LECCE,211,1852,92,0,"C/6  - STALLE, SCUDERIE, AUTORIMESSE"
Fabbricati,1.2.2.02.09.99.999 - Beni immobili n.a.c.,INDISPONIBILE,"...DEPOSITO - VIA ARCHITA DA TARANTO, SNC - LECCE - DEPOSITO - FG. 195 P.LLA 248",01/01/2019,"ARCHITA DA TARANTO, Piano T","11.111,32€","966,20€","10.869,77€","1.207,75€",-   €,"241,55€",LECCE,195,248,,0,C/2  - MAGAZZINI E LOCALI DI DEPOSITO
Fabbricati,1.2.2.02.09.99.999 - Beni immobili n.a.c.,INDISPONIBILE,"MERCATO SETTELACQUARE FABBRICATO SPECIALI ESIGENZE PUBBL. - VIA CESARE ABBA, SNC - LECCE - FABBRICATO SPECIALI ESIGENZE PUBBL. - FG. 215 P.LLA 1145",01/01/2019,"CESARE ABBA, SN Piano T-S1","3.632.355,91€","313.132,98€","3.553.446,13€","392.042,76€",-   €,"78.909,78€",LECCE,215,1145,,0,D/8  - FABBR. PER SPEC. ESIGENZE COMM.
Fabbricati,1.2.2.02.09.99.999 - Beni immobili n.a.c.,INDISPONIBILE,"...MERCATO DELLE ETNIE FABBRICATO SPECIALI ESIGENZE PUBBL. P.LLA 1477 - VIALE ALDO MORO, SNC - LECCE - FABBRICATO SPECIALI ESIGENZE PUBBL. - FG. 215 P.LLA 1477 SUB. 1",01/01/2019,"ALDO MORO, SNC Piano T","270.501,21€","23.117,24€","264.628,84€","28.989,61€",-   €,"5.872,37€",LECCE,215,1477,1,0,D/8  - FABBR. PER SPEC. ESIGENZE COMM.
Fabbricati,1.2.2.02.09.99.999 - Beni immobili n.a.c.,INDISPONIBILE,"...LABORATORI - VIA VITTORIO DEI PRIOLI, 1 - LECCE - COLLEGI, CASERME - FG. 259 P.LLA 127 SUB. 3",01/01/2019,"CORTE CONTE ACCARDO, 1 Piano T","1.136.863,13€","98.857,68€","1.112.148,71€","123.572,10€",-   €,"24.714,42€",LECCE,259,127,3,0,"B/1  - COLLEGI, OSPIZI, CASERME, CONVEN."
Fabbricati,1.2.2.02.09.99.999 - Beni immobili n.a.c.,INDISPONIBILE,"ISTITUTO PROVINCIALE FEMMINILE PROVINCIALE  - PIAZZA NICODEMO ARGENTO, SNC - LECCE - IST. PROVINCIALE FEMMINILE - FG. 259 P.LLA 1052 SUB. 2",01/01/2019,"NICODEMO ARGENTO, SN Piano T-1","167.629,43€","14.576,48€","163.985,31€","18.220,60€",-   €,"3.644,12€",LECCE,259,1052,2,0,"B/1  - COLLEGI, OSPIZI, CASERME, CONVEN."
Fabbricati,1.2.2.02.09.99.999 - Beni immobili n.a.c.,INDISPONIBILE,"...FABBRICATO IN CORSO DI DEFINIZIONE P.LLA 2999 - VIALE MICHELE DE PIETRO, SNC - LECCE - FABBRICATO IN CORSO DI DEFINIZIONE - FG. 259 P.LLA 2999 SUB. 2",01/01/2019,"MICHELE DE PIETRO, SNC Piano T",-   €,-   €,-   €,-   €,-   €,-   €,LECCE,259,2999,2,0,F/4  - UNITÀ IN CORSO DI DEFINIZIONE
Fabbricati,1.2.2.02.09.99.999 - Beni immobili n.a.c.,INDISPONIBILE,"ALLOGGIO, GARAGE E DEPOSITI - VIA POZZUOLO, 26 - LECCE - DEPOSITO - FG. 211 P.LLA 1852 SUB. 32",01/01/2019,"POZZUOLO, 20 Piano 1 int. 1","1.685,31€","146,56€","1.648,67€","183,20€",-   €,"36,64€",LECCE,211,1852,32,0,C/2  - MAGAZZINI E LOCALI DI DEPOSITO
Fabbricati,1.2.2.02.09.99.999 - Beni immobili n.a.c.,INDISPONIBILE,"ALLOGGIO, GARAGE E DEPOSITI - VIA POZZUOLO, 26 - LECCE - DEPOSITO - FG. 211 P.LLA 1852 SUB. 35",01/01/2019,"POZZUOLO, 20 Piano 1 int. 1","2.106,98€","183,20€","2.061,18€","229,00€",-   €,"45,80€",LECCE,211,1852,35,0,C/2  - MAGAZZINI E LOCALI DI DEPOSITO
Fabbricati,1.2.2.02.09.99.999 - Beni immobili n.a.c.,INDISPONIBILE,"ALLOGGIO, GARAGE E DEPOSITI - VIA POZZUOLO, 26 - LECCE - DEPOSITO - FG. 211 P.LLA 1852 SUB. 38",01/01/2019,"POZZUOLO, 20 Piano 1 int. 1","1.685,31€","146,56€","1.648,67€","183,20€",-   €,"36,64€",LECCE,211,1852,38,0,C/2  - MAGAZZINI E LOCALI DI DEPOSITO
Fabbricati,1.2.2.02.09.99.999 - Beni immobili n.a.c.,INDISPONIBILE,"ALLOGGIO, GARAGE E DEPOSITI - VIA POZZUOLO, 26 - LECCE - DEPOSITO - FG. 211 P.LLA 1852 SUB. 41",01/01/2019,"POZZUOLO, 20 Piano 1 int. 1","1.685,31€","146,56€","1.648,67€","183,20€",-   €,"36,64€",LECCE,211,1852,41,0,C/2  - MAGAZZINI E LOCALI DI DEPOSITO
Fabbricati,1.2.2.02.09.99.999 - Beni immobili n.a.c.,INDISPONIBILE,"ALLOGGIO, GARAGE E DEPOSITI - VIA POZZUOLO, 26 - LECCE - DEPOSITO - FG. 211 P.LLA 1852 SUB. 46",01/01/2019,"POZZUOLO, 20 Piano 1 int. 1","2.106,98€","183,20€","2.061,18€","229,00€",-   €,"45,80€",LECCE,211,1852,46,0,C/2  - MAGAZZINI E LOCALI DI DEPOSITO
Fabbricati,1.2.2.02.09.99.999 - Beni immobili n.a.c.,INDISPONIBILE,"ALLOGGIO, GARAGE E DEPOSITI - VIA POZZUOLO, 26 - LECCE - DEPOSITO - FG. 211 P.LLA 1852 SUB. 53",01/01/2019,"POZZUOLO, 20 Piano 1 int. 1","2.106,98€","183,20€","2.061,18€","229,00€",-   €,"45,80€",LECCE,211,1852,53,0,C/2  - MAGAZZINI E LOCALI DI DEPOSITO
Fabbricati,1.2.2.02.09.99.999 - Beni immobili n.a.c.,INDISPONIBILE,"ALLOGGIO, GARAGE E DEPOSITI - VIA POZZUOLO, 26 - LECCE - DEPOSITO - FG. 211 P.LLA 1852 SUB. 56",01/01/2019,"POZZUOLO, 20 Piano 1 int. 1","1.685,31€","146,56€","1.648,67€","183,20€",-   €,"36,64€",LECCE,211,1852,56,0,C/2  - MAGAZZINI E LOCALI DI DEPOSITO
Fabbricati,1.2.2.02.09.99.999 - Beni immobili n.a.c.,INDISPONIBILE,"ALLOGGIO, GARAGE E DEPOSITI - VIA POZZUOLO, 26 - LECCE - GARAGE - FG. 211 P.LLA 1852 SUB. 76",01/01/2019,"POZZUOLO, 20 Piano 1 int. 1","7.522,74€","654,16€","7.359,20€","817,70€",-   €,"163,54€",LECCE,211,1852,76,0,"C/6  - STALLE, SCUDERIE, AUTORIMESSE"
Fabbricati,1.2.2.02.09.99.999 - Beni immobili n.a.c.,INDISPONIBILE,"RIFUGIO ANTIAEREA DA FEDERALISMO DEMANIALE - PIAZZETTA TANCREDI, SNC - LECCE - RIFUGIO ANTIAEREA - FG. 259 P.LLA 5991",01/01/2019,"TANCREDI, Piano S1",-   €,-   €,-   €,-   €,-   €,-   €,LECCE,259,5991,,0,F/2  - UNITÀ COLLABENTI
Fabbricati,1.2.2.02.09.99.999 - Beni immobili n.a.c.,INDISPONIBILE,"ALLOGGIO E GARAGE - PIAZZALE SONDRIO, 11 - LECCE - GARAGE - FG. 198 P.LLA 585 SUB. 50",01/01/2019,"SONDRIO, 11 Piano 1","7.139,42€","620,84€","6.984,21€","776,05€",-   €,"155,21€",LECCE,198,585,50,0,"C/6  - STALLE, SCUDERIE, AUTORIMESSE"
Fabbricati,1.2.2.02.09.99.999 - Beni immobili n.a.c.,INDISPONIBILE,"ALLOGGIO E GARAGE - PIAZZALE SONDRIO, 11 - LECCE - GARAGE - FG. 198 P.LLA 585 SUB. 51",01/01/2019,"SONDRIO, 11 Piano 1","7.139,42€","620,84€","6.984,21€","776,05€",-   €,"155,21€",LECCE,198,585,51,0,"C/6  - STALLE, SCUDERIE, AUTORIMESSE"
Fabbricati,1.2.2.02.09.99.999 - Beni immobili n.a.c.,INDISPONIBILE,"ALLOGGIO E GARAGE - PIAZZALE SONDRIO, 11 - LECCE - GARAGE - FG. 198 P.LLA 585 SUB. 55",01/01/2019,"SONDRIO, 11 Piano 1","7.139,42€","620,84€","6.984,21€","776,05€",-   €,"155,21€",LECCE,198,585,55,0,"C/6  - STALLE, SCUDERIE, AUTORIMESSE"
Fabbricati,1.2.2.02.09.99.999 - Beni immobili n.a.c.,INDISPONIBILE,"ALLOGGIO E GARAGE - PIAZZALE SONDRIO, 11 - LECCE - GARAGE - FG. 198 P.LLA 585 SUB. 62",01/01/2019,"SONDRIO, 11 Piano 1","7.139,42€","620,84€","6.984,21€","776,05€",-   €,"155,21€",LECCE,198,585,62,0,"C/6  - STALLE, SCUDERIE, AUTORIMESSE"
Fabbricati,1.2.2.02.09.99.999 - Beni immobili n.a.c.,INDISPONIBILE,"ALLOGGIO E GARAGE - PIAZZALE SONDRIO, 11 - LECCE - GARAGE - FG. 198 P.LLA 585 SUB. 64",01/01/2019,"SONDRIO, 11 Piano 1","7.139,42€","620,84€","6.984,21€","776,05€",-   €,"155,21€",LECCE,198,585,64,0,"C/6  - STALLE, SCUDERIE, AUTORIMESSE"
Fabbricati,1.2.2.02.09.99.999 - Beni immobili n.a.c.,INDISPONIBILE,"ALLOGGIO E GARAGE - PIAZZALE SONDRIO, 11 - LECCE - GARAGE - FG. 198 P.LLA 585 SUB. 72",01/01/2019,"SONDRIO, 11 Piano 1","7.139,42€","620,84€","6.984,21€","776,05€",-   €,"155,21€",LECCE,198,585,72,0,"C/6  - STALLE, SCUDERIE, AUTORIMESSE"
Fabbricati,1.2.2.02.09.99.999 - Beni immobili n.a.c.,INDISPONIBILE,"ALLOGGIO E GARAGE - PIAZZALE SONDRIO, 11 - LECCE - GARAGE - FG. 198 P.LLA 585 SUB. 38",01/01/2019,"SONDRIO, 11 Piano 1","7.139,42€","620,84€","6.984,21€","776,05€",-   €,"155,21€",LECCE,198,585,38,0,"C/6  - STALLE, SCUDERIE, AUTORIMESSE"
Fabbricati,1.2.2.02.09.99.999 - Beni immobili n.a.c.,INDISPONIBILE,"ALLOGGIO E GARAGE - PIAZZALE SONDRIO, 11 - LECCE - GARAGE - FG. 198 P.LLA 585 SUB. 40",01/01/2019,"SONDRIO, 11 Piano 1","7.139,42€","620,84€","6.984,21€","776,05€",-   €,"155,21€",LECCE,198,585,40,0,"C/6  - STALLE, SCUDERIE, AUTORIMESSE"
Fabbricati,1.2.2.02.09.99.999 - Beni immobili n.a.c.,INDISPONIBILE,"ALLOGGIO E GARAGE - PIAZZALE SONDRIO, 11 - LECCE - GARAGE - FG. 198 P.LLA 585 SUB. 42",01/01/2019,"SONDRIO, 11 Piano 1","7.139,42€","620,84€","6.984,21€","776,05€",-   €,"155,21€",LECCE,198,585,42,0,"C/6  - STALLE, SCUDERIE, AUTORIMESSE"
Fabbricati,1.2.2.02.09.99.999 - Beni immobili n.a.c.,INDISPONIBILE,"ALLOGGIO, GARAGE E DEPOSITI - VIA POZZUOLO, 26 - LECCE - GARAGE - FG. 211 P.LLA 1852 SUB. 85",01/01/2019,"POZZUOLO, 20 Piano 1 int. 1","7.918,42€","688,56€","7.746,28€","860,70€",-   €,"172,14€",LECCE,211,1852,85,0,"C/6  - STALLE, SCUDERIE, AUTORIMESSE"
Fabbricati,1.2.2.02.09.99.999 - Beni immobili n.a.c.,INDISPONIBILE,"BAR ''BELLOLUOGO'' - VIA VECCHIA SURBO, SNC - LECCE - DEPOSITO - FG. 212 P.LLA 1018 SUB. 4",01/01/2019,"VECCHIA SURBO, SNC Piano T","14.751,20€","1.282,72€","14.430,52€","1.603,40€",-   €,"320,68€",LECCE,212,1018,4,0,C/2  - MAGAZZINI E LOCALI DI DEPOSITO
Fabbricati,1.2.2.02.09.99.999 - Beni immobili n.a.c.,INDISPONIBILE,"...FABBRICATO SPECIALI ESIGENZE PUBBL. - VIA VECCHIA SURBO, 12 - LECCE - FABBRICATO SPECIALI ESIGENZE PUBBL. - FG. 212 P.LLA 1063 SUB. 1",01/01/2019,"VECCHIA SURBO, 12 Piano T-1","803.712,00€","69.888,00€","786.240,00€","87.360,00€",-   €,"17.472,00€",LECCE,212,1063,1,0,D/8  - FABBR. PER SPEC. ESIGENZE COMM.
Fabbricati,1.2.2.02.09.99.999 - Beni immobili n.a.c.,INDISPONIBILE,"SCUOLA DELL' INFANZIA ''BANDA BASSOTTI'' CIRC.LIVIO TEMPESTA VIA VECCHIA FRIGOLE - PIAZZETTA EUGENIO MONTALE, 9 - LECCE - UNITA' COLLABENTE - FG. 213 P.LLA 19 SUB. 4",01/01/2019,"EUGENIO MONTALE, Piano T",-   €,-   €,-   €,-   €,-   €,-   €,LECCE,213,19,4,0,F/2  - UNITÀ COLLABENTI
Fabbricati,1.2.2.02.09.99.999 - Beni immobili n.a.c.,INDISPONIBILE,...FABBRICATO IN ATTESA DI DICHIARAZIONE - SNC - LECCE - FABBRICATO IN ATTESA DI DICHIARAZIONE - FG. 213 P.LLA 1508,01/01/2019,Piano,-   €,-   €,-   €,-   €,-   €,-   €,LECCE,213,1508,,0,F/6
Fabbricati,1.2.2.02.09.99.999 - Beni immobili n.a.c.,INDISPONIBILE,"ALLOGGIO E GARAGE - PIAZZALE SONDRIO, 11 - LECCE - GARAGE - FG. 198 P.LLA 585 SUB. 54",01/01/2019,"SONDRIO, 11 Piano 1","7.139,42€","620,84€","6.984,21€","776,05€",-   €,"155,21€",LECCE,198,585,54,0,"C/6  - STALLE, SCUDERIE, AUTORIMESSE"
Fabbricati,1.2.2.02.09.99.999 - Beni immobili n.a.c.,INDISPONIBILE,"ALLOGGIO E GARAGE - PIAZZALE SONDRIO, 11 - LECCE - GARAGE - FG. 198 P.LLA 585 SUB. 57",01/01/2019,"SONDRIO, 11 Piano 1","7.139,42€","620,84€","6.984,21€","776,05€",-   €,"155,21€",LECCE,198,585,57,0,"C/6  - STALLE, SCUDERIE, AUTORIMESSE"
Fabbricati,1.2.2.02.09.99.999 - Beni immobili n.a.c.,INDISPONIBILE,"...FABBRICATO SPECIALI ESIGENZE PUBBL. P.LLA 1589 - VIALE ALDO MORO, SNC - LECCE - FABBRICATO SPECIALI ESIGENZE PUBBL. - FG. 215 P.LLA 1589 SUB. 1",01/01/2019,"ALDO MORO, SNC Piano T","1.632.665,58€","141.970,92€","1.597.172,85€","177.463,65€",-   €,"35.492,73€",LECCE,215,1589,1,0,D/8  - FABBR. PER SPEC. ESIGENZE COMM.
Fabbricati,1.2.2.02.09.99.999 - Beni immobili n.a.c.,INDISPONIBILE,"ALLOGGIO E GARAGE - PIAZZALE SONDRIO, 11 - LECCE - GARAGE - FG. 198 P.LLA 585 SUB. 61",01/01/2019,"SONDRIO, 11 Piano 1","7.139,42€","620,84€","6.984,21€","776,05€",-   €,"155,21€",LECCE,198,585,61,0,"C/6  - STALLE, SCUDERIE, AUTORIMESSE"
Fabbricati,1.2.2.02.09.99.999 - Beni immobili n.a.c.,INDISPONIBILE,"ALLOGGIO E GARAGE - PIAZZALE SONDRIO, 11 - LECCE - GARAGE - FG. 198 P.LLA 585 SUB. 65",01/01/2019,"SONDRIO, 11 Piano 1","7.139,42€","620,84€","6.984,21€","776,05€",-   €,"155,21€",LECCE,198,585,65,0,"C/6  - STALLE, SCUDERIE, AUTORIMESSE"
Fabbricati,1.2.2.02.09.99.999 - Beni immobili n.a.c.,INDISPONIBILE,"ALLOGGIO E GARAGE - PIAZZALE SONDRIO, 11 - LECCE - GARAGE - FG. 198 P.LLA 585 SUB. 69",01/01/2019,"SONDRIO, 11 Piano 1","7.139,42€","620,84€","6.984,21€","776,05€",-   €,"155,21€",LECCE,198,585,69,0,"C/6  - STALLE, SCUDERIE, AUTORIMESSE"
Fabbricati,1.2.2.02.09.99.999 - Beni immobili n.a.c.,INDISPONIBILE,"...NEGOZIO - VIA BERNARDINO BONIFACIO, 25 - LECCE - NEGOZIO - FG. 211 P.LLA 1800 SUB. 17",01/01/2019,"BERNARDINO BONIFACIO, 25 Piano 3","17.816,46€","1.549,24€","17.429,15€","1.936,55€",-   €,"387,31€",LECCE,211,1800,17,0,C/2  - MAGAZZINI E LOCALI DI DEPOSITO
Fabbricati,1.2.2.02.09.99.999 - Beni immobili n.a.c.,INDISPONIBILE,"ALLOGGIO E GARAGE - PIAZZALE SONDRIO, 11 - LECCE - GARAGE - FG. 198 P.LLA 585 SUB. 43",01/01/2019,"SONDRIO, 11 Piano 1","7.139,42€","620,84€","6.984,21€","776,05€",-   €,"155,21€",LECCE,198,585,43,0,"C/6  - STALLE, SCUDERIE, AUTORIMESSE"
Fabbricati,1.2.2.02.09.99.999 - Beni immobili n.a.c.,INDISPONIBILE,"ALLOGGIO E GARAGE - PIAZZALE SONDRIO, 11 - LECCE - GARAGE - FG. 198 P.LLA 585 SUB. 58",01/01/2019,"SONDRIO, 11 Piano 1","7.139,42€","620,84€","6.984,21€","776,05€",-   €,"155,21€",LECCE,198,585,58,0,"C/6  - STALLE, SCUDERIE, AUTORIMESSE"
Fabbricati,1.2.2.02.09.99.999 - Beni immobili n.a.c.,INDISPONIBILE,"ALLOGGIO E GARAGE - PIAZZALE SONDRIO, 11 - LECCE - GARAGE - FG. 198 P.LLA 585 SUB. 63",01/01/2019,"SONDRIO, 11 Piano 1","7.139,42€","620,84€","6.984,21€","776,05€",-   €,"155,21€",LECCE,198,585,63,0,"C/6  - STALLE, SCUDERIE, AUTORIMESSE"
Fabbricati,1.2.2.02.09.99.999 - Beni immobili n.a.c.,INDISPONIBILE,"CENTRO SOCIO EDUCATIVO PER MINORI - VIA SIRACUSA, SNC - LECCE - SCUOLA - FG. 198 P.LLA 605",01/01/2019,"SIRACUSA, SNC Piano T-S1","226.802,88€","19.722,00€","264.916,92€","25.530,96€",-   €,"5.808,96€",LECCE,198,605,,0,"B/1  - COLLEGI, OSPIZI, CASERME, CONVEN."
Fabbricati,1.2.2.02.09.99.999 - Beni immobili n.a.c.,INDISPONIBILE,"ALLOGGIO, GARAGE E DEPOSITI - VIA POZZUOLO, 26 - LECCE - DEPOSITO - FG. 211 P.LLA 1852 SUB. 34",01/01/2019,"POZZUOLO, 20 Piano 1 int. 1","1.685,31€","146,56€","1.648,67€","183,20€",-   €,"36,64€",LECCE,211,1852,34,0,C/2  - MAGAZZINI E LOCALI DI DEPOSITO
Fabbricati,1.2.2.02.09.99.999 - Beni immobili n.a.c.,INDISPONIBILE,"ALLOGGIO, GARAGE E DEPOSITI - VIA POZZUOLO, 26 - LECCE - DEPOSITO - FG. 211 P.LLA 1852 SUB. 44",01/01/2019,"POZZUOLO, 20 Piano 1 int. 1","2.528,60€","219,88€","2.473,63€","274,85€",-   €,"54,97€",LECCE,211,1852,44,0,C/2  - MAGAZZINI E LOCALI DI DEPOSITO
Fabbricati,1.2.2.02.09.99.999 - Beni immobili n.a.c.,INDISPONIBILE,"ALLOGGIO, GARAGE E DEPOSITI - VIA POZZUOLO, 26 - LECCE - DEPOSITO - FG. 211 P.LLA 1852 SUB. 64",01/01/2019,"POZZUOLO, 20 Piano 1 int. 1","2.106,98€","183,20€","2.061,18€","229,00€",-   €,"45,80€",LECCE,211,1852,64,0,C/2  - MAGAZZINI E LOCALI DI DEPOSITO
Fabbricati,1.2.2.02.09.99.999 - Beni immobili n.a.c.,INDISPONIBILE,"ALLOGGIO, GARAGE E DEPOSITI - VIA POZZUOLO, 26 - LECCE - DEPOSITO - FG. 211 P.LLA 1852 SUB. 65",01/01/2019,"POZZUOLO, 20 Piano 1 int. 1","1.685,31€","146,56€","1.648,67€","183,20€",-   €,"36,64€",LECCE,211,1852,65,0,C/2  - MAGAZZINI E LOCALI DI DEPOSITO
Fabbricati,1.2.2.02.09.99.999 - Beni immobili n.a.c.,INDISPONIBILE,"ALLOGGIO, GARAGE E DEPOSITI - VIA POZZUOLO, 26 - LECCE - GARAGE - FG. 211 P.LLA 1852 SUB. 75",01/01/2019,"POZZUOLO, 20 Piano 1 int. 1","7.522,74€","654,16€","7.359,20€","817,70€",-   €,"163,54€",LECCE,211,1852,75,0,"C/6  - STALLE, SCUDERIE, AUTORIMESSE"
Fabbricati,1.2.2.02.09.99.999 - Beni immobili n.a.c.,INDISPONIBILE,"ALLOGGIO, GARAGE E DEPOSITI - VIA POZZUOLO, 26 - LECCE - GARAGE - FG. 211 P.LLA 1852 SUB. 79",01/01/2019,"POZZUOLO, 20 Piano 1 int. 1","5.147,47€","447,60€","5.035,57€","559,50€",-   €,"111,90€",LECCE,211,1852,79,0,"C/6  - STALLE, SCUDERIE, AUTORIMESSE"
Fabbricati,1.2.2.02.09.99.999 - Beni immobili n.a.c.,INDISPONIBILE,"ALLOGGIO, GARAGE E DEPOSITI - VIA POZZUOLO, 26 - LECCE - GARAGE - FG. 211 P.LLA 1852 SUB. 83",01/01/2019,"POZZUOLO, 20 Piano 1 int. 1","5.147,47€","447,60€","5.035,57€","559,50€",-   €,"111,90€",LECCE,211,1852,83,0,"C/6  - STALLE, SCUDERIE, AUTORIMESSE"
Fabbricati,1.2.2.02.09.99.999 - Beni immobili n.a.c.,INDISPONIBILE,"ALLOGGIO, GARAGE E DEPOSITI - VIA POZZUOLO, 26 - LECCE - GARAGE - FG. 211 P.LLA 1852 SUB. 86",01/01/2019,"POZZUOLO, 20 Piano 1 int. 1","7.918,42€","688,56€","7.746,28€","860,70€",-   €,"172,14€",LECCE,211,1852,86,0,"C/6  - STALLE, SCUDERIE, AUTORIMESSE"
Fabbricati,1.2.2.02.09.99.999 - Beni immobili n.a.c.,INDISPONIBILE,"ALLOGGIO, GARAGE E DEPOSITI - VIA POZZUOLO, 26 - LECCE - DEPOSITO - FG. 211 P.LLA 1852 SUB. 61",01/01/2019,"POZZUOLO, 20 Piano 1 int. 1","1.685,31€","146,56€","1.648,67€","183,20€",-   €,"36,64€",LECCE,211,1852,61,0,C/2  - MAGAZZINI E LOCALI DI DEPOSITO
Fabbricati,1.2.2.02.09.99.999 - Beni immobili n.a.c.,INDISPONIBILE,"ALLOGGIO, GARAGE E DEPOSITI - VIA POZZUOLO, 26 - LECCE - GARAGE - FG. 211 P.LLA 1852 SUB. 89",01/01/2019,"POZZUOLO, 20 Piano 1 int. 1","7.918,42€","688,56€","7.746,28€","860,70€",-   €,"172,14€",LECCE,211,1852,89,0,"C/6  - STALLE, SCUDERIE, AUTORIMESSE"
Fabbricati,1.2.2.02.09.99.999 - Beni immobili n.a.c.,INDISPONIBILE,"CASA FAMIGLIA SERVIZI SOCIALI ''U.E.'' - VIA GIOACCHINO UNGARO, 3 - LECCE - CASA FAMIGLIA - FG. 212 P.LLA 848 SUB. 3",01/01/2019,"GIOACCHINO UNGARO, 3 Piano T-1 - S1","127.901,35€","11.121,84€","125.120,89€","13.902,30€",-   €,"2.780,46€",LECCE,212,848,3,0,"B/1  - COLLEGI, OSPIZI, CASERME, CONVEN."
Fabbricati,1.2.2.02.09.99.999 - Beni immobili n.a.c.,INDISPONIBILE,"ALLOGGIO, GARAGE E DEPOSITI - VIA POZZUOLO, 26 - LECCE - GARAGE - FG. 211 P.LLA 1852 SUB. 87",01/01/2019,"POZZUOLO, 20 Piano 1 int. 1","7.918,42€","688,56€","7.746,28€","860,70€",-   €,"172,14€",LECCE,211,1852,87,0,"C/6  - STALLE, SCUDERIE, AUTORIMESSE"
Fabbricati,1.2.2.02.09.99.999 - Beni immobili n.a.c.,INDISPONIBILE,"ALLOGGIO, GARAGE E DEPOSITI - VIA POZZUOLO, 26 - LECCE - GARAGE - FG. 211 P.LLA 1852 SUB. 93",01/01/2019,"POZZUOLO, 20 Piano 1 int. 1","7.918,42€","688,56€","7.746,28€","860,70€",-   €,"172,14€",LECCE,211,1852,93,0,"C/6  - STALLE, SCUDERIE, AUTORIMESSE"
Fabbricati,1.2.2.02.09.99.999 - Beni immobili n.a.c.,INDISPONIBILE,"ALLOGGIO, GARAGE E DEPOSITI - VIA POZZUOLO, 26 - LECCE - DEPOSITO - FG. 211 P.LLA 1852 SUB. 37",01/01/2019,"POZZUOLO, 20 Piano 1 int. 1","2.528,60€","219,88€","2.473,63€","274,85€",-   €,"54,97€",LECCE,211,1852,37,0,C/2  - MAGAZZINI E LOCALI DI DEPOSITO
Fabbricati,1.2.2.02.09.99.999 - Beni immobili n.a.c.,INDISPONIBILE,"ALLOGGIO, GARAGE E DEPOSITI - VIA POZZUOLO, 26 - LECCE - DEPOSITO - FG. 211 P.LLA 1852 SUB. 40",01/01/2019,"POZZUOLO, 20 Piano 1 int. 1","1.685,31€","146,56€","1.648,67€","183,20€",-   €,"36,64€",LECCE,211,1852,40,0,C/2  - MAGAZZINI E LOCALI DI DEPOSITO
Fabbricati,1.2.2.02.09.99.999 - Beni immobili n.a.c.,INDISPONIBILE,"ALLOGGIO, GARAGE E DEPOSITI - VIA POZZUOLO, 26 - LECCE - DEPOSITO - FG. 211 P.LLA 1852 SUB. 42",01/01/2019,"POZZUOLO, 20 Piano 1 int. 1","1.685,31€","146,56€","1.648,67€","183,20€",-   €,"36,64€",LECCE,211,1852,42,0,C/2  - MAGAZZINI E LOCALI DI DEPOSITO
Fabbricati,1.2.2.02.09.99.999 - Beni immobili n.a.c.,INDISPONIBILE,"ALLOGGIO, GARAGE E DEPOSITI - VIA POZZUOLO, 26 - LECCE - DEPOSITO - FG. 211 P.LLA 1852 SUB. 57",01/01/2019,"POZZUOLO, 20 Piano 1 int. 1","1.685,31€","146,56€","1.648,67€","183,20€",-   €,"36,64€",LECCE,211,1852,57,0,C/2  - MAGAZZINI E LOCALI DI DEPOSITO
Fabbricati,1.2.2.02.09.99.999 - Beni immobili n.a.c.,INDISPONIBILE,"ALLOGGIO, GARAGE E DEPOSITI - VIA POZZUOLO, 26 - LECCE - DEPOSITO - FG. 211 P.LLA 1852 SUB. 60",01/01/2019,"POZZUOLO, 20 Piano 1 int. 1","1.685,31€","146,56€","1.648,67€","183,20€",-   €,"36,64€",LECCE,211,1852,60,0,C/2  - MAGAZZINI E LOCALI DI DEPOSITO
Fabbricati,1.2.2.02.09.99.999 - Beni immobili n.a.c.,INDISPONIBILE,"ALLOGGIO, GARAGE E DEPOSITI - VIA POZZUOLO, 26 - LECCE - GARAGE - FG. 211 P.LLA 1852 SUB. 68",01/01/2019,"POZZUOLO, 20 Piano 1 int. 1","5.147,47€","447,60€","5.035,57€","559,50€",-   €,"111,90€",LECCE,211,1852,68,0,"C/6  - STALLE, SCUDERIE, AUTORIMESSE"
Fabbricati,1.2.2.02.09.99.999 - Beni immobili n.a.c.,INDISPONIBILE,"ALLOGGIO, GARAGE E DEPOSITI - VIA POZZUOLO, 26 - LECCE - GARAGE - FG. 211 P.LLA 1852 SUB. 70",01/01/2019,"POZZUOLO, 20 Piano 1 int. 1","5.147,47€","447,60€","5.035,57€","559,50€",-   €,"111,90€",LECCE,211,1852,70,0,"C/6  - STALLE, SCUDERIE, AUTORIMESSE"
Fabbricati,1.2.2.02.09.99.999 - Beni immobili n.a.c.,INDISPONIBILE,"ALLOGGIO, GARAGE E DEPOSITI - VIA POZZUOLO, 26 - LECCE - DEPOSITO - FG. 211 P.LLA 1852 SUB. 39",01/01/2019,"POZZUOLO, 20 Piano 1 int. 1","1.685,31€","146,56€","1.648,67€","183,20€",-   €,"36,64€",LECCE,211,1852,39,0,C/2  - MAGAZZINI E LOCALI DI DEPOSITO
Fabbricati,1.2.2.02.09.99.999 - Beni immobili n.a.c.,INDISPONIBILE,"ALLOGGIO, GARAGE E DEPOSITI - VIA POZZUOLO, 26 - LECCE - DEPOSITO - FG. 211 P.LLA 1852 SUB. 43",01/01/2019,"POZZUOLO, 20 Piano 1 int. 1","1.685,31€","146,56€","1.648,67€","183,20€",-   €,"36,64€",LECCE,211,1852,43,0,C/2  - MAGAZZINI E LOCALI DI DEPOSITO
Fabbricati,1.2.2.02.09.99.999 - Beni immobili n.a.c.,INDISPONIBILE,"ALLOGGIO, GARAGE E DEPOSITI - VIA POZZUOLO, 26 - LECCE - DEPOSITO - FG. 211 P.LLA 1852 SUB. 66",01/01/2019,"POZZUOLO, 20 Piano 1 int. 1","1.685,31€","146,56€","1.648,67€","183,20€",-   €,"36,64€",LECCE,211,1852,66,0,C/2  - MAGAZZINI E LOCALI DI DEPOSITO
Fabbricati,1.2.2.02.09.99.999 - Beni immobili n.a.c.,INDISPONIBILE,"ALLOGGIO, GARAGE E DEPOSITI - VIA POZZUOLO, 26 - LECCE - GARAGE - FG. 211 P.LLA 1852 SUB. 69",01/01/2019,"POZZUOLO, 20 Piano 1 int. 1","5.147,47€","447,60€","5.035,57€","559,50€",-   €,"111,90€",LECCE,211,1852,69,0,"C/6  - STALLE, SCUDERIE, AUTORIMESSE"
Fabbricati,1.2.2.02.09.99.999 - Beni immobili n.a.c.,INDISPONIBILE,"ALLOGGIO, GARAGE E DEPOSITI - VIA POZZUOLO, 26 - LECCE - GARAGE - FG. 211 P.LLA 1852 SUB. 74",01/01/2019,"POZZUOLO, 20 Piano 1 int. 1","5.147,47€","447,60€","5.035,57€","559,50€",-   €,"111,90€",LECCE,211,1852,74,0,"C/6  - STALLE, SCUDERIE, AUTORIMESSE"
Fabbricati,1.2.2.02.09.99.999 - Beni immobili n.a.c.,INDISPONIBILE,"ALLOGGIO, GARAGE E DEPOSITI - VIA POZZUOLO, 26 - LECCE - GARAGE - FG. 211 P.LLA 1852 SUB. 77",01/01/2019,"POZZUOLO, 20 Piano 1 int. 1","5.147,47€","447,60€","5.035,57€","559,50€",-   €,"111,90€",LECCE,211,1852,77,0,"C/6  - STALLE, SCUDERIE, AUTORIMESSE"
Fabbricati,1.2.2.02.09.99.999 - Beni immobili n.a.c.,INDISPONIBILE,"ALLOGGIO, GARAGE E DEPOSITI - VIA POZZUOLO, 26 - LECCE - GARAGE - FG. 211 P.LLA 1852 SUB. 84",01/01/2019,"POZZUOLO, 20 Piano 1 int. 1","7.918,42€","688,56€","7.746,28€","860,70€",-   €,"172,14€",LECCE,211,1852,84,0,"C/6  - STALLE, SCUDERIE, AUTORIMESSE"
Fabbricati,1.2.2.02.09.99.999 - Beni immobili n.a.c.,INDISPONIBILE,"ALLOGGIO, GARAGE E DEPOSITI - VIA POZZUOLO, 26 - LECCE - GARAGE - FG. 211 P.LLA 1852 SUB. 94",01/01/2019,"POZZUOLO, 20 Piano 1 int. 1","7.918,42€","688,56€","7.746,28€","860,70€",-   €,"172,14€",LECCE,211,1852,94,0,"C/6  - STALLE, SCUDERIE, AUTORIMESSE"
Fabbricati,1.2.2.02.09.99.999 - Beni immobili n.a.c.,INDISPONIBILE,"MENSA DELLA CASERMA IN RISTRUTTURAZIONE - VIA DUCA D' AOSTA, 3 - LECCE - MENSA CASERME - FG. 213 P.LLA 157",01/01/2019,"DUCA D' AOSTA, 3 Piano T","202.544,90€","17.612,60€","198.141,75€","22.015,75€",-   €,"4.403,15€",LECCE,213,157,,0,"B/1  - COLLEGI, OSPIZI, CASERME, CONVEN."
Fabbricati,1.2.2.02.09.99.999 - Beni immobili n.a.c.,INDISPONIBILE,"...LASTRICO SOLARE - VIA ALCIDE DE GASPERI, 1 - LECCE - LASTRICO SOLARE - FG. 214 P.LLA 1117 SUB. 14",01/01/2019,"ALCIDE DE GASPERI, 1 Piano T",-   €,-   €,-   €,-   €,-   €,-   €,LECCE,214,1117,14,0,F/5  - LASTRICI SOLARI
Fabbricati,1.2.2.02.09.99.999 - Beni immobili n.a.c.,INDISPONIBILE,"ALLOGGIO, GARAGE E DEPOSITI - VIA POZZUOLO, 26 - LECCE - GARAGE - FG. 211 P.LLA 1852 SUB. 78",01/01/2019,"POZZUOLO, 20 Piano 1 int. 1","5.147,47€","447,60€","5.035,57€","559,50€",-   €,"111,90€",LECCE,211,1852,78,0,"C/6  - STALLE, SCUDERIE, AUTORIMESSE"
Fabbricati,1.2.2.02.09.99.999 - Beni immobili n.a.c.,INDISPONIBILE,"ALLOGGIO, GARAGE E DEPOSITI - VIA POZZUOLO, 26 - LECCE - GARAGE - FG. 211 P.LLA 1852 SUB. 81",01/01/2019,"POZZUOLO, 20 Piano 1 int. 1","5.147,47€","447,60€","5.035,57€","559,50€",-   €,"111,90€",LECCE,211,1852,81,0,"C/6  - STALLE, SCUDERIE, AUTORIMESSE"
Fabbricati,1.2.2.02.09.99.999 - Beni immobili n.a.c.,INDISPONIBILE,"ALLOGGIO, GARAGE E DEPOSITI - VIA POZZUOLO, 26 - LECCE - GARAGE - FG. 211 P.LLA 1852 SUB. 91",01/01/2019,"POZZUOLO, 20 Piano 1 int. 1","7.918,42€","688,56€","7.746,28€","860,70€",-   €,"172,14€",LECCE,211,1852,91,0,"C/6  - STALLE, SCUDERIE, AUTORIMESSE"
Fabbricati,1.2.2.02.09.99.999 - Beni immobili n.a.c.,INDISPONIBILE,"ALLOGGIO, GARAGE E DEPOSITI - VIA POZZUOLO, 26 - LECCE - GARAGE - FG. 211 P.LLA 1852 SUB. 96",01/01/2019,"POZZUOLO, 20 Piano 1 int. 1","7.918,42€","688,56€","7.746,28€","860,70€",-   €,"172,14€",LECCE,211,1852,96,0,"C/6  - STALLE, SCUDERIE, AUTORIMESSE"
Fabbricati,1.2.2.02.09.99.999 - Beni immobili n.a.c.,INDISPONIBILE,"DEPOSITO P.LLA 1013 - VIA VECCHIA SURBO, SNC - LECCE - DEPOSITO - FG. 212 P.LLA 1013",01/01/2019,"VECCHIA SURBO, Piano T","19.388,00€","1.685,92€","18.966,52€","2.107,40€",-   €,"421,48€",LECCE,212,1013,,0,C/2  - MAGAZZINI E LOCALI DI DEPOSITO
Fabbricati,1.2.2.02.09.99.999 - Beni immobili n.a.c.,INDISPONIBILE,"...LABORATORI - VIA PITAGORA, SNC - LECCE - LABORATORI - FG. 215 P.LLA 842 SUB. 1",01/01/2019,"PITAGORA, SNC Piano T","52.523,95€","4.567,32€","51.382,12€","5.709,15€",-   €,"1.141,83€",LECCE,215,842,1,0,C/3  - LABORATORI PER ARTI E MESTIERI
Fabbricati,1.2.2.02.09.99.999 - Beni immobili n.a.c.,INDISPONIBILE,"...DEPOSITO P.LLA 1011 - VIA VECCHIA SURBO,SNC - LECCE - DEPOSITO - FG. 212 P.LLA 1011",01/01/2019,"VECCHIA SURBO, Piano T","37.405,08€","3.252,60€","36.591,93€","4.065,75€",-   €,"813,15€",LECCE,212,1011,,0,C/2  - MAGAZZINI E LOCALI DI DEPOSITO
Fabbricati,1.2.2.02.09.99.999 - Beni immobili n.a.c.,INDISPONIBILE,"CENTRO SERVIZI MOBILITA' ''CITY TERMINAL BUS'' OFFICINA E TETTOIA - VIALE PORTA D' EUROPA, SNC - LECCE - C.S.M. TERMINAL BUS - FG. 212 P.LLA 1023",01/01/2019,"PORTA D' EUROPA, SNC Piano T","48.950,68€","4.256,60€","47.886,53€","5.320,75€",-   €,"1.064,15€",LECCE,212,1023,,0,E/9  - EDIF. A DESTINAZIONI PARTICOLARI
Fabbricati,1.2.2.02.09.99.999 - Beni immobili n.a.c.,INDISPONIBILE,"DEPOSITO POLIZIA LOCALE E PROTEZIONE CIVILE - VIA GIANDOMENICO CATALANO, SNC - LECCE - DEPOSITO - FG. 228 P.LLA 1337",01/01/2019,"GIANDOMENICO CATALANO, SNC Piano T","104.089,96€","9.051,32€","101.827,13€","11.314,15€",-   €,"2.262,83€",LECCE,228,1337,,0,A/10 - UFFICI O STUDI PRIVATI
Fabbricati,1.2.2.02.09.99.999 - Beni immobili n.a.c.,INDISPONIBILE,"IMPIANTO SPORTIVO PISTA ATLETICA LEGGERA CONI E BAR - VIA GIAMMATTEO, SNC - LECCE - IMPIANTO SPORTIVO E BAR - FG. 213 P.LLA 1394 SUB. 6",01/01/2019,"GIAMMATTEO, SN Piano T","144.334,91€","12.511,45€","141.197,98€","15.648,38€","604,47€","3.136,93€",LECCE,213,1394,6,0,C/4  - FABBR. PER SERV. SPORT.(NO LUCRO)
Fabbricati,1.2.2.02.09.99.999 - Beni immobili n.a.c.,INDISPONIBILE,"ALLOGGI - VIA BASSEO ANGOLO SANTA VENERA, SNC - LECCE - COLLEGI, CASERME - FG. 259 P.LLA 1681 SUB. 4",01/01/2019,"BASSEO, 4 Piano 1","93.939,87€","8.168,68€","91.897,70€","10.210,85€",-   €,"2.042,17€",LECCE,259,1681,4,0,"B/1  - COLLEGI, OSPIZI, CASERME, CONVEN."
Fabbricati,1.2.2.02.09.99.999 - Beni immobili n.a.c.,INDISPONIBILE,"RIFUGIO ANTIAEREA DA FEDERALISMO DEMANIALE - PIAZZA DELL' ARCO DI TRIONFO, SNC - LECCE - RIFUGIO ANTIAEREA - FG. 259 P.LLA 5990",01/01/2019,"DELL' ARCO DI TRIONFO, Piano S1",-   €,-   €,-   €,-   €,-   €,-   €,LECCE,259,5990,,0,F/2  - UNITÀ COLLABENTI
Fabbricati,1.2.2.02.09.99.999 - Beni immobili n.a.c.,INDISPONIBILE,"ALLOGGIO, GARAGE E DEPOSITI - VIA POZZUOLO, 26 - LECCE - DEPOSITO - FG. 211 P.LLA 1852 SUB. 55",01/01/2019,"POZZUOLO, 20 Piano 1 int. 1","2.528,60€","219,88€","2.473,63€","274,85€",-   €,"54,97€",LECCE,211,1852,55,0,C/2  - MAGAZZINI E LOCALI DI DEPOSITO
Fabbricati,1.2.2.02.09.99.999 - Beni immobili n.a.c.,INDISPONIBILE,"ALLOGGIO, GARAGE E DEPOSITI - VIA POZZUOLO, 26 - LECCE - DEPOSITO - FG. 211 P.LLA 1852 SUB. 59",01/01/2019,"POZZUOLO, 20 Piano 1 int. 1","1.685,31€","146,56€","1.648,67€","183,20€",-   €,"36,64€",LECCE,211,1852,59,0,C/2  - MAGAZZINI E LOCALI DI DEPOSITO
Fabbricati,1.2.2.02.09.99.999 - Beni immobili n.a.c.,INDISPONIBILE,"ALLOGGIO, GARAGE E DEPOSITI - VIA POZZUOLO, 26 - LECCE - GARAGE - FG. 211 P.LLA 1852 SUB. 72",01/01/2019,"POZZUOLO, 20 Piano 1 int. 1","5.147,47€","447,60€","5.035,57€","559,50€",-   €,"111,90€",LECCE,211,1852,72,0,"C/6  - STALLE, SCUDERIE, AUTORIMESSE"
Fabbricati,1.2.2.02.09.99.999 - Beni immobili n.a.c.,INDISPONIBILE,"...CENTRO ''YOU AND ME LECCE'' - VIALE MICHELE DE PIETRO, 16 - LECCE - CENTRO ''YOU AND ME LECCE'' - FG. 259 P.LLA 3582",01/01/2019,"MICHELE DE PIETRO, 16 Piano T","222.462,68€","18.753,10€","217.638,36€","23.577,42€",-   €,"4.824,32€",LECCE,259,3582,,0,"B/1  - COLLEGI, OSPIZI, CASERME, CONVEN."
Fabbricati,1.2.2.02.09.99.999 - Beni immobili n.a.c.,INDISPONIBILE,"DEPOSITO - VIALE DELL' UNIVERSITA', SNC - LECCE - DEPOSITO - FG. 259 P.LLA 4490 SUB. 1",01/01/2019,"SAN NICOLA, SN Piano T","32.900,27€","2.860,88€","32.185,05€","3.576,10€",-   €,"715,22€",LECCE,259,4490,1,0,C/2  - MAGAZZINI E LOCALI DI DEPOSITO
Fabbricati,1.2.2.02.09.99.999 - Beni immobili n.a.c.,INDISPONIBILE,"...FABBRICATO PER SPEC. ESIGENZE PUBBL. - VIALE GUGLIELMO MARCONI, SNC - LECCE - FABBRICATO PER SPEC. ESIGENZE PUBBL. - FG. 259 P.LLA 4706",01/01/2019,"GUGLIELMO MARCONI, Piano S1","47.495,06€","4.130,00€","50.647,16€","5.247,90€",-   €,"1.117,90€",LECCE,259,4706,,0,E/3  - FABBR. PER SPEC. ESIGENZE PUBBL.
Fabbricati,1.2.2.02.09.99.999 - Beni immobili n.a.c.,INDISPONIBILE,"...GARAGE - VIA BRENTA, SNC - LECCE - GARAGE - FG. 212 P.LLA 946 SUB. 1",01/01/2019,"BRENTA, SN Piano S1","461.507,51€","40.131,08€","451.474,74€","50.163,85€",-   €,"10.032,77€",LECCE,212,946,1,0,"C/6  - STALLE, SCUDERIE, AUTORIMESSE"
Fabbricati,1.2.2.02.09.99.999 - Beni immobili n.a.c.,INDISPONIBILE,"...DEPOSITO P.LLA 1016 - VIA VECCHIA SURBO, SNC - LECCE - DEPOSITO - FG. 212 P.LLA 1016",01/01/2019,"VECCHIA SURBO, Piano T","47.941,44€","4.168,80€","46.899,24€","5.211,00€",-   €,"1.042,20€",LECCE,212,1016,,0,C/2  - MAGAZZINI E LOCALI DI DEPOSITO
Fabbricati,1.2.2.02.09.99.999 - Beni immobili n.a.c.,INDISPONIBILE,"...DEPOSITO - VIA SANTI GIACOMO E FILIPPO, 6 - LECCE - DEPOSITO - FG. 214 P.LLA 633",01/01/2019,"SANTI GIACOMO E FILIPPO, 6 Piano T","11.494,64€","999,52€","11.244,76€","1.249,40€",-   €,"249,88€",LECCE,214,633,,0,C/2  - MAGAZZINI E LOCALI DI DEPOSITO
Fabbricati,1.2.2.02.09.99.999 - Beni immobili n.a.c.,INDISPONIBILE,"...LABORATORI - VIA VITTORIO DEI PRIOLI, 1 - LECCE - LABORATORI - FG. 259 P.LLA 127 SUB. 2",01/01/2019,"CORTE CONTE ACCARDO, 1 Piano T","74.964,09€","6.518,60€","73.334,44€","8.148,25€",-   €,"1.629,65€",LECCE,259,127,2,0,C/3  - LABORATORI PER ARTI E MESTIERI
Fabbricati,1.2.2.02.09.99.999 - Beni immobili n.a.c.,INDISPONIBILE,"RIFUGIO ANTIAEREA DA FEDERALISMO DEMANIALE - PIAZZETTA SIGISMONDO CASTROMEDIANO, SNC - LECCE - VRIFUGIO ANTIAEREA - FG. 259 P.LLA 5989",01/01/2019,"SIGISMONDO CASTROMEDIANO, Piano S1",-   €,-   €,-   €,-   €,-   €,-   €,LECCE,259,5989,,0,F/2  - UNITÀ COLLABENTI
Fabbricati,1.2.2.02.09.99.999 - Beni immobili n.a.c.,INDISPONIBILE,"...BAGNI PUBBLICI VILLA COMUNALE - VIA GIUSEPPE GARIBALDI, SNC - LECCE - DEPOSITO - FG. 259 P.LLA 8206",01/01/2019,"GIUSEPPE GARIBALDI, SNC Piano T","48.574,60€","3.973,24€","47.523,64€","5.024,20€",-   €,"1.050,96€",LECCE,259,8206,,0,C/2  - MAGAZZINI E LOCALI DI DEPOSITO
Fabbricati,1.2.2.02.09.99.999 - Beni immobili n.a.c.,INDISPONIBILE,"COMUNITA' SOCIO-RIABILITATIVA ''DOPO DI NOI'' - VIA DOMENICO CIMAROSA, 27 - LECCE - COMUNITA' SOCIO RIABILITATIVA - FG. 239 P.LLA 622",01/01/2019,"DOMENICO CIMAROSA, SNC Piano T-S1","220.063,62€","19.135,96€","222.335,63€","24.063,95€",-   €,"4.927,99€",LECCE,239,622,,0,"B/1  - COLLEGI, OSPIZI, CASERME, CONVEN."
Fabbricati,1.2.2.02.09.99.999 - Beni immobili n.a.c.,INDISPONIBILE,"CENTRO SOCIALE DIVERSAMENTE ABILI  - VIA VECCHIA CARMIANO, SNC - LECCE - CENTRO SOCIALE - FG. 226 P.LLA 1095",01/01/2019,"VECCHIA CARMIANO, SNC Piano S1-T - 1","1.636.310,50€","142.287,88€","1.602.663,45€","177.899,13€",-   €,"35.611,25€",LECCE,226,1095,,0,B/4  - UFFICI PUBBLICI
Fabbricati,1.2.2.02.09.99.999 - Beni immobili n.a.c.,INDISPONIBILE,"ALLOGGIO, GARAGE E DEPOSITI - VIA POZZUOLO, 26 - LECCE - DEPOSITO - FG. 211 P.LLA 1852 SUB. 47",01/01/2019,"POZZUOLO, 20 Piano 1 int. 1","1.685,31€","146,56€","1.648,67€","183,20€",-   €,"36,64€",LECCE,211,1852,47,0,C/2  - MAGAZZINI E LOCALI DI DEPOSITO
Fabbricati,1.2.2.02.09.99.999 - Beni immobili n.a.c.,INDISPONIBILE,"...FABBRICATO IN CORSO DI DEFINIZIONE P.LLA 3579 - VIALE MICHELE DE PIETRO, SNC - LECCE - FABBRICATO IN CORSO DI DEFINIZIONE - FG. 259 P.LLA 3579 SUB. 2",01/01/2019,"MICHELE DE PIETRO, SNC Piano T",-   €,-   €,-   €,-   €,-   €,-   €,LECCE,259,3579,2,0,F/4  - UNITÀ IN CORSO DI DEFINIZIONE
Fabbricati,1.2.2.02.09.99.999 - Beni immobili n.a.c.,INDISPONIBILE,"RIFUGIO ANTIAEREA DA FEDERALISMO DEMANIALE - PIAZZA NICODEMO ARGENTO,SNC - LECCE - RIFUGIO ANTIAEREA - FG. 259 P.LLA 5994",01/01/2019,"NICODEMO ARGENTO, Piano S1",-   €,-   €,-   €,-   €,-   €,-   €,LECCE,259,5994,,0,F/2  - UNITÀ COLLABENTI
Fabbricati,1.2.2.02.09.99.999 - Beni immobili n.a.c.,INDISPONIBILE,"ALLOGGIO - VIALE SAN NICOLA, 14 - LECCE - FABBRICATO PER SPEC. ESIGENZE PUBBL. - FG. 259 P.LLA 3007 SUB. 2",01/01/2019,"SAN NICOLA, 10 Piano T","22.933,26€","1.994,20€","22.434,71€","2.492,75€",-   €,"498,55€",LECCE,259,3007,2,0,E/9  - EDIF. A DESTINAZIONI PARTICOLARI
Fabbricati,1.2.2.02.09.99.999 - Beni immobili n.a.c.,INDISPONIBILE,"ALLOGGIO - VIALE SAN NICOLA, 14 - LECCE - DEPOSITO - FG. 259 P.LLA 3007 SUB. 3",01/01/2019,"SAN NICOLA, 10 Piano T","71.790,04€","6.242,60€","70.229,39€","7.803,25€",-   €,"1.560,65€",LECCE,259,3007,3,0,C/2  - MAGAZZINI E LOCALI DI DEPOSITO
Fabbricati,1.2.2.02.09.99.999 - Beni immobili n.a.c.,INDISPONIBILE,"ALLOGGIO, GARAGE E DEPOSITI - VIA POZZUOLO, 26 - LECCE - DEPOSITO - FG. 211 P.LLA 1852 SUB. 50",01/01/2019,"POZZUOLO, 20 Piano 1 int. 1","1.685,31€","146,56€","1.648,67€","183,20€",-   €,"36,64€",LECCE,211,1852,50,0,C/2  - MAGAZZINI E LOCALI DI DEPOSITO
Fabbricati,1.2.2.02.09.99.999 - Beni immobili n.a.c.,INDISPONIBILE,"ALLOGGIO, GARAGE E DEPOSITI - VIA POZZUOLO, 26 - LECCE - DEPOSITO - FG. 211 P.LLA 1852 SUB. 52",01/01/2019,"POZZUOLO, 20 Piano 1 int. 1","1.685,31€","146,56€","1.648,67€","183,20€",-   €,"36,64€",LECCE,211,1852,52,0,C/2  - MAGAZZINI E LOCALI DI DEPOSITO
Fabbricati,1.2.2.02.09.99.999 - Beni immobili n.a.c.,INDISPONIBILE,"ALLOGGIO, GARAGE E DEPOSITI - VIA POZZUOLO, 26 - LECCE - DEPOSITO - FG. 211 P.LLA 1852 SUB. 58",01/01/2019,"POZZUOLO, 20 Piano 1 int. 1","1.685,31€","146,56€","1.648,67€","183,20€",-   €,"36,64€",LECCE,211,1852,58,0,C/2  - MAGAZZINI E LOCALI DI DEPOSITO
Fabbricati,1.2.2.02.09.99.999 - Beni immobili n.a.c.,INDISPONIBILE,"ALLOGGIO, GARAGE E DEPOSITI - VIA POZZUOLO, 26 - LECCE - DEPOSITO - FG. 211 P.LLA 1852 SUB. 62",01/01/2019,"POZZUOLO, 20 Piano 1 int. 1","2.528,60€","219,88€","2.473,63€","274,85€",-   €,"54,97€",LECCE,211,1852,62,0,C/2  - MAGAZZINI E LOCALI DI DEPOSITO
Fabbricati,1.2.2.02.09.99.999 - Beni immobili n.a.c.,INDISPONIBILE,"ALLOGGIO, GARAGE E DEPOSITI - VIA POZZUOLO, 26 - LECCE - DEPOSITO - FG. 211 P.LLA 1852 SUB. 67",01/01/2019,"POZZUOLO, 20 Piano 1 int. 1","1.685,31€","146,56€","1.648,67€","183,20€",-   €,"36,64€",LECCE,211,1852,67,0,C/2  - MAGAZZINI E LOCALI DI DEPOSITO
Fabbricati,1.2.2.02.09.99.999 - Beni immobili n.a.c.,INDISPONIBILE,"ALLOGGIO, GARAGE E DEPOSITI - VIA POZZUOLO, 26 - LECCE - GARAGE - FG. 211 P.LLA 1852 SUB. 95",01/01/2019,"POZZUOLO, 20 Piano 1 int. 1","7.918,42€","688,56€","7.746,28€","860,70€",-   €,"172,14€",LECCE,211,1852,95,0,"C/6  - STALLE, SCUDERIE, AUTORIMESSE"
Fabbricati,1.2.2.02.09.99.999 - Beni immobili n.a.c.,INDISPONIBILE,"RIFUGIO ANTIAEREA DA FEDERALISMO DEMANIALE - VIA CORTE CONTE ACCARDO, SNC - LECCE - RIFUGIO ANTIAEREA - FG. 259 P.LLA 5996",01/01/2019,"CORTE CONTE ACCARDO, Piano S1",-   €,-   €,-   €,-   €,-   €,-   €,LECCE,259,5996,,0,F/2  - UNITÀ COLLABENTI
Fabbricati,1.2.2.02.09.99.999 - Beni immobili n.a.c.,INDISPONIBILE,"IST. COMPRENSIVO SCUOLA SECONDARIA DI PRIMO GRADO ''S. AMMIRATO - G.FALCONE'' - VIA ABRUZZI, SNC - LECCE - FABBRICATO IN CORSO DI COSTRUZIONE - FG. 239 P.LLA 1188 SUB. 11",01/01/2019,"ABRUZZI, Piano 1",-   €,-   €,-   €,-   €,-   €,-   €,LECCE,239,1188,11,0,F/3  - UNITÀ IN CORSO DI COSTRUZIONE
Fabbricati,1.2.2.02.09.99.999 - Beni immobili n.a.c.,INDISPONIBILE,"...FABBRICATO PER SPEC. ESIGENZE PUBBL. - VIA PANTELLERIA, SNC - LECCE - FABBRICATO PER SPEC. ESIGENZE PUBBL. - FG. 240 P.LLA 1112",01/01/2019,"PANTELLERIA, SNC Piano S1","34.264,19€","2.979,48€","33.519,32€","3.724,35€",-   €,"744,87€",LECCE,240,1112,,0,E/3  - FABBR. PER SPEC. ESIGENZE PUBBL.
Fabbricati,1.2.2.02.09.99.999 - Beni immobili n.a.c.,INDISPONIBILE,"...GARAGE - VIA VITO MARIO STAMPACCHIA, SNC - LECCE - GARAGE - FG. 259 P.LLA 2443",01/01/2019,"VITO MARIO STAMPACCHIA, Piano S1","498.800,98€","43.374,00€","487.957,48€","54.217,50€",-   €,"10.843,50€",LECCE,259,2443,,0,"C/6  - STALLE, SCUDERIE, AUTORIMESSE"
Fabbricati,1.2.2.02.09.99.999 - Beni immobili n.a.c.,INDISPONIBILE,"...MERCATO COPERTO ''PORTA RUDIAE''. - VIALE DELL' UNIVERSITA', SNC - LECCE - FABBRICATO SPECIALI ESIGENZE PUBBL. - FG. 259 P.LLA 3621 SUB. 1",01/01/2019,"DELL' UNIVERSITA', SC Piano T","144.901,63€","12.210,22€","141.759,39€","15.352,46€",-   €,"3.142,24€",LECCE,259,3621,1,0,D/8  - FABBR. PER SPEC. ESIGENZE COMM.
Fabbricati,1.2.2.02.09.99.999 - Beni immobili n.a.c.,INDISPONIBILE,"...FABBRICATO IN CORSO DI DEFINIZIONE P.LLA 2999 - VIALE MICHELE DE PIETRO, SNC - LECCE - FABBRICATO IN CORSO DI DEFINIZIONE - FG. 259 P.LLA 2999 SUB. 1",01/01/2019,"MICHELE DE PIETRO, SNC Piano T",-   €,-   €,-   €,-   €,-   €,-   €,LECCE,259,2999,1,0,F/4  - UNITÀ IN CORSO DI DEFINIZIONE
Fabbricati,1.2.2.02.09.99.999 - Beni immobili n.a.c.,INDISPONIBILE,"EX ALLOGGIO - PIAZZA NICODEMO ARGENTO,SNC - RIUSO SOCIALE - IMM VIA BERNARDINO REALINO - ALLOGGIO - FG. 259 P.LLA 4658 SUB. 2",01/01/2019,"NICODEMO ARGENTO, Piano T","47.894,45€","4.164,72€","287.322,39€","10.113,44€","66.510,00€","5.948,72€",LECCE,259,4658,2,0,A/10 - UFFICI O STUDI PRIVATI
Fabbricati,1.2.2.02.09.99.999 - Beni immobili n.a.c.,INDISPONIBILE,"LABORATORI - VICO DEI SOTTERRANEI, 2 - LECCE - LABORATORI - FG. 259 P.LLA 3622",01/01/2019,"DEI SOTTERRANEI, 2 Piano T","21.543,69€","1.873,36€","21.075,35€","2.341,70€",-   €,"468,34€",LECCE,259,3622,,0,C/3  - LABORATORI PER ARTI E MESTIERI
Fabbricati,1.2.2.02.09.99.999 - Beni immobili n.a.c.,INDISPONIBILE,"ALLOGGI E GARAGE - VIALE SAN NICOLA, 8 - LECCE - GARAGE - FG. 259 P.LLA 4484 SUB. 1",01/01/2019,"SAN NICOLA, 3 Piano 1","39.158,10€","3.405,04€","38.306,84€","4.256,30€",-   €,"851,26€",LECCE,259,4484,1,0,"C/6  - STALLE, SCUDERIE, AUTORIMESSE"
Fabbricati,1.2.2.02.09.99.999 - Beni immobili n.a.c.,INDISPONIBILE,"RIFUGIO ANTIAEREA DA FEDERALISMO DEMANIALE - VIALE DELL' UNIVERSITA', SNC - LECCE - RIFUGIO ANTIAEREA - FG. 259 P.LLA 5992",01/01/2019,"DELL' UNIVERSITA', Piano S1",-   €,-   €,-   €,-   €,-   €,-   €,LECCE,259,5992,,0,F/2  - UNITÀ COLLABENTI
Fabbricati,1.2.2.02.09.99.999 - Beni immobili n.a.c.,INDISPONIBILE,"'CENTRO ASCOLTO, EMPORIO DELLA SOLIDARIETA'' - VIA ADUA, SNC - LECCE - CENTRO ASCOLTO - FG. 259 P.LLA 6553",01/01/2019,"ADUA, SNC Piano S1-T","121.029,00€","10.524,24€","118.397,94€","13.155,30€",-   €,"2.631,06€",LECCE,259,6553,,0,"B/1  - COLLEGI, OSPIZI, CASERME, CONVEN."
Fabbricati,1.2.2.02.09.99.999 - Beni immobili n.a.c.,INDISPONIBILE,"ALLOGGIO - VIA LEQUILE, SNC - LECCE - ALLOGGIO - FG. 238 P.LLA 1305 SUB. 51",01/01/2019,"LEQUILE, Piano T","55.876,52€","4.858,84€","54.661,81€","6.073,55€",-   €,"1.214,71€",LECCE,238,1305,51,0,A/10 - UFFICI O STUDI PRIVATI
Fabbricati,1.2.2.02.09.99.999 - Beni immobili n.a.c.,INDISPONIBILE,"STAZIONE FERROVIARIA P.LLA 1319 - VIA MICHELE MASSARI, SNC - LECCE - STAZIONE FERROVIARIA - FG. 238 P.LLA 1319 SUB. 1",01/01/2019,"MICHELE MASSARI, Piano T-1","93.336,81€","6.634,35€","91.337,39€","8.633,77€",-   €,"1.999,42€",LECCE,238,1319,1,0,D/7  - FABBR. PER SPEC. ESIGENZE INDUSTR
Fabbricati,1.2.2.02.09.99.999 - Beni immobili n.a.c.,INDISPONIBILE,"...FABBRICATO PARTICOLARE - VIA DEL NINFEO, SNC - LECCE - FABBRICATO PARTICOLARE - FG. 238 P.LLA 1398 SUB. 1",01/01/2019,"DEL NINFEO, SNC Piano T","237.790,56€","20.677,44€","232.621,20€","25.846,80€",-   €,"5.169,36€",LECCE,238,1398,1,0,E/9  - EDIF. A DESTINAZIONI PARTICOLARI
Fabbricati,1.2.2.02.09.99.999 - Beni immobili n.a.c.,INDISPONIBILE,"...LABORATORI - VIA VITTORIO DEI PRIOLI, 1 - LECCE - LABORATORI - FG. 259 P.LLA 127 SUB. 1",01/01/2019,"CORTE CONTE ACCARDO, 1 Piano T","43.248,66€","3.760,76€","42.308,47€","4.700,95€",-   €,"940,19€",LECCE,259,127,1,0,C/3  - LABORATORI PER ARTI E MESTIERI
Fabbricati,1.2.2.02.09.99.999 - Beni immobili n.a.c.,INDISPONIBILE,"DEPOSITO - VIA ABRAMO BALMES, SNC - LECCE - DEPOSITO - FG. 259 P.LLA 557 SUB. 11",01/01/2019,"ABRAMO BALMES, SNC Piano T","42.197,37€","3.669,32€","41.280,04€","4.586,65€",-   €,"917,33€",LECCE,259,557,11,0,C/2  - MAGAZZINI E LOCALI DI DEPOSITO
Fabbricati,1.2.2.02.09.99.999 - Beni immobili n.a.c.,INDISPONIBILE,"FABBRICATO PER SPEC. ESIGENZE PUBBL. - VIA SALVATORE TRINCHESE, SNC - LECCE - FABBRICATO PER SPEC. ESIGENZE PUBBL. - FG. 259 P.LLA 4783",01/01/2019,"SALVATORE TRINCHESE, SNC Piano S1 - T","22.051,14€","1.917,48€","21.571,77€","2.396,85€",-   €,"479,37€",LECCE,259,4783,,0,E/3  - FABBR. PER SPEC. ESIGENZE PUBBL.
Fabbricati,1.2.2.02.09.99.999 - Beni immobili n.a.c.,INDISPONIBILE,"RIFUGIO ANTIAEREA DA FEDERALISMO DEMANIALE - VIA VILLA GLORIA, SNC - LECCE - RIFUGIO ANTIAEREA - FG. 259 P.LLA 5993",01/01/2019,"VILLA GLORIA, Piano S1",-   €,-   €,-   €,-   €,-   €,-   €,LECCE,259,5993,,0,F/2  - UNITÀ COLLABENTI
Fabbricati,1.2.2.02.09.99.999 - Beni immobili n.a.c.,DISPONIBILE,"FABB.IN CORSO DI COST.''POL.SOC.AMB.TERRITORIALE SOCIALE'' - VIA PISTOIA, VIA SAN MASSIMILIANO KOLBE, SNC - LECCE - FABBRICATO IN CORSO DI COSTRUZIONE - FG. 198 P.LLA 633",21/05/2021,"SAN MASSIMILIANO KOLBE, SN Piano S1-T","2.985,44€","190,56€","2.921,92€","254,08€",-   €,"63,52€",LECCE,198,633,,0,F/3  - UNITÀ IN CORSO DI COSTRUZIONE
Fabbricati,1.2.2.02.09.99.999 - Beni immobili n.a.c.,INDISPONIBILE,BENE CONFISCATO - EX MASSERIA GHERMI - CENTRO ACCOGLIENZA - CROCE ROSSA STRADA PROVINCIALE 94 - FG 137 - MAP 558 SUB 2-1,02/01/2022,,,,,,,,LECCE,137,558,2,0,"B/1  - COLLEGI, OSPIZI, CASERME, CONVEN."
Fabbricati,1.2.2.02.09.99.999 - Beni immobili n.a.c.,INDISPONIBILE,BENE CONFISCATO - EX MASSERIA GHERMI - CENTRO ACCOGLIENZA - CROCE ROSSA STRADA PROVINCIALE 94 - FG 137 - MAP 558 SUB 2-1,02/01/2022,,"245.472,60€","5.009,65€","240.462,95€","10.019,30€","44.297,70€","5.009,65€",LECCE,137,558,1,0,"B/1  - COLLEGI, OSPIZI, CASERME, CONVEN."
Fabbricati,1.2.2.02.09.99.999 - Beni immobili n.a.c.,INDISPONIBILE,IMMOBILI VIALE VESPUCCI - FG 168 - MAP 531,28/04/2021,,"31.590,55€","1.316,28€","30.932,41€","1.974,42€",-   €,"658,14€",LECCE,168,531,,0,C/3  - LABORATORI PER ARTI E MESTIERI
Fabbricati,1.2.2.02.09.99.999 - Beni immobili n.a.c.,INDISPONIBILE,"IMMOBILI EX ERSAP FABB FRIGOLE MARE, VIA LUNGOMARE MORI, FG 84 - MAP 145",15/09/2023,LUNGOMARE MORI,-   €,-   €,"51.629,79€","1.053,67€",-   €,"1.053,67€",LECCE,84,145,,0,C/2  - MAGAZZINI E LOCALI DI DEPOSITO
Fabbricati,1.2.2.02.09.99.999 - Beni immobili n.a.c.,INDISPONIBILE,FONTANE - FONTANE,02/01/2023,,-   €,-   €,"30.870,00€","630,00€",-   €,"630,00€",,,,,0,
Fabbricati,1.2.2.02.09.99.999 - Beni immobili n.a.c.,INDISPONIBILE,"IMMOBILI EX ERSAP - EX SCUOLA MATERNA BORGO PIAVE VIA MIANI, FG 111 - MAP 49 SUB 2",15/09/2023,MIANI,-   €,-   €,"776.150,34€","15.839,80€",-   €,"15.839,80€",LECCE,111,49,2,0,B/4  - UFFICI PUBBLICI
Fabbricati,1.2.2.02.09.99.999 - Beni immobili n.a.c.,INDISPONIBILE,"IMMOBILI EX ERSAP - EX SCUOLA MATERNA BORGO PIAVE VIA MIANI, FG 111 - MAP 49 SUB 1",15/09/2023,MIANI,-   €,-   €,-   €,-   €,-   €,-   €,LECCE,111,49,1,0,E/7  - FABBR. PER ESERCIZIO DEI CULTI