id,denominazione,tipologia,indirizzo,quartiere,classificazione,posti_letto,camere,stato,tariffa_min,tariffa_max,lat,lon,data_inizio_attivita,comune
1,B&B VICO DEL SOLE,bed_and_breakfast,VICO DEL SOLE,CENTRO,,2,6,ATTIVO,100.0,,,,,Comune di Lecce
2,B&B IL BANANO,bed_and_breakfast,VIA  VITTORIO EMANUELE SECONDO,CENTRO,,2,4,ATTIVO,90.0,,,,,Comune di Lecce
3,B&B AABACA,bed_and_breakfast,VIALE FELICE CAVALLOTTI,MAZZINI,,3,6,ATTIVO,120.0,,,,,Comune di Lecce
4,B&B CHIESA GRECA,bed_and_breakfast,PIAZZETTA CHIESA GRECA,CENTRO,,6,10,ATTIVO,,,,,,Comune di Lecce
5,B&B AL GIARDINO,bed_and_breakfast,VIA FRANCESCO SCARPA,SALESIANI,,4,10,ATTIVO,40.0,,,,,Comune di Lecce
6,B&B VILLA LIBERTY,bed_and_breakfast,VIALE VITTORIO ALFIERI,LEUCA,,1,4,ATTIVO,70.0,,,,,Comune di Lecce
7,B&B INN CENTRO,bed_and_breakfast,VIA GUGLIELMO OBERDAN,MAZZINI,,5,10,ATTIVO,,,,,,Comune di Lecce
8,B&B PALAZZO ROLLO,bed_and_breakfast,VIA  VITTORIO EMANUELE SECONDO,CENTRO,,6,12,ATTIVO,70.0,,,,,Comune di Lecce
9,B&B CORTE SAN GIORGIO,bed_and_breakfast,VIA ERMENEGILDO PERSONE',CENTRO,,5,10,ATTIVO,,,,,,Comune di Lecce
10,B&B BEAUTIFUL LECCE,bed_and_breakfast,VIA  LEQUILE,FERROVIA - CASERMETTE,,2,8,ATTIVO,50.0,,,,,Comune di Lecce
11,B&B ANFITEATRO,bed_and_breakfast,VIALE VENTICINQUE LUGLIO,CENTRO,,4,10,ATTIVO,,,,,,Comune di Lecce
12,B&B DARIO'S ROOM,bed_and_breakfast,VIA GUGLIELMO OBERDAN,MAZZINI,,4,7,ATTIVO,50.0,,,,,Comune di Lecce
13,B&B BORGO PACE,bed_and_breakfast,VIA  TARANTO,BORGO PACE,,6,6,ATTIVO,,,,,,Comune di Lecce
14,B&B STELLE DEL SALENTO,bed_and_breakfast,VIA ANTONIO ZIMBALO,RUDIAE - SAN PIO,,4,9,ATTIVO,140.0,,,,,Comune di Lecce
15,B&B SOTTO LE STELLE,bed_and_breakfast,VIA DON BOSCO,FERROVIA - CASERMETTE,,4,9,ATTIVO,35.0,,,,,Comune di Lecce
16,B&B CORTE DEI MOROSINI,bed_and_breakfast,VIA  MANFREDI,CENTRO,,1,2,ATTIVO,,,,,,Comune di Lecce
17,B&B BAROCCO LIVE,bed_and_breakfast,VIA FRANCESCO RIBEZZO,MAZZINI,,3,8,ATTIVO,,,,,,Comune di Lecce
18,B&B CORTE SANTA IRENE,bed_and_breakfast,CORTE SANTA IRENE,CENTRO,,2,8,ATTIVO,50.0,,,,,Comune di Lecce
19,B&B MALIA,bed_and_breakfast,VIA GUGLIELMO PALADINI,CENTRO,,4,8,ATTIVO,110.0,,,,,Comune di Lecce
20,B&B LE AMAZZONI,bed_and_breakfast,VIA DEL BECCACCINO,FRAZIONE TORRE CHIANCA – SPIAGGIABELLA – TORRE RINALDA,,3,9,ATTIVO,50.0,,,,,Comune di Lecce
21,B&B NONNA JOLE,bed_and_breakfast,VIA GUGLIELMO PALADINI,CENTRO,,6,16,ATTIVO,230.0,,,,,Comune di Lecce
22,B&B DEMETRA,bed_and_breakfast,VICO DEGLI ALBANESI,CENTRO,,5,10,ATTIVO,,,,,,Comune di Lecce
23,B&B DOLCE CASA,bed_and_breakfast,VIA ALFONSO LAMARMORA,MAZZINI,,2,6,ATTIVO,,,,,,Comune di Lecce
24,B&B ELVI,bed_and_breakfast,VIA GUALTIERO PRIMO DI BRIENNE,CENTRO,,2,4,ATTIVO,,,,,,Comune di Lecce
25,B&B ARTAS,bed_and_breakfast,VICO  BOEMONDO,CENTRO,,1,2,ATTIVO,40.0,,,,,Comune di Lecce
26,B&B IDOMENEO 63,bed_and_breakfast,VIA  IDOMENEO,CENTRO,,4,9,ATTIVO,100.0,,,,,Comune di Lecce
27,B&B PALAZZO DE GIORGI,bed_and_breakfast,VIALE ORONZO QUARTA,FERROVIA - CASERMETTE,,5,10,ATTIVO,150.0,,,,,Comune di Lecce
28,B&B ALBATROS,bed_and_breakfast,VIA CATERINA SCORONEO,CONTESTO DELL'ENTROTERRA COSTIERO,,4,10,ATTIVO,,,,,,Comune di Lecce
29,B&B ARCHIMEDE,bed_and_breakfast,VIA COLONNELLO ARCHIMEDE COSTADURA,SANTA ROSA,,1,2,ATTIVO,,,,,,Comune di Lecce
30,B&B ALBABAROCCA,bed_and_breakfast,VIA ANTONIO GALATEO,CENTRO,,2,5,ATTIVO,40.0,,,,,Comune di Lecce
31,B&B LECCE D'ESTATE,bed_and_breakfast,VIA GIUSEPPE SARNO,RUDIAE - SAN PIO,,3,7,ATTIVO,65.0,,,,,Comune di Lecce
32,B&B AGAVE SALENTINA,bed_and_breakfast,VIALE ALBERTO SORDI,SAN SABINO,,2,4,ATTIVO,,,,,,Comune di Lecce
33,B&B LE ANTICHE MURA,bed_and_breakfast,VIA DELLE BOMBARDE,CENTRO,,1,2,ATTIVO,80.0,,,,,Comune di Lecce
34,B&B MICHELANGELO,bed_and_breakfast,VIA DELLA SINAGOGA,CENTRO,,2,5,ATTIVO,100.0,,,,,Comune di Lecce
35,B&B ANTICO BELVEDERE,bed_and_breakfast,VIA ANDREA VIGNES,CENTRO,,6,10,ATTIVO,,,,,,Comune di Lecce
36,B&B IBISCUS,bed_and_breakfast,VIA LUIGI TENCO,FERROVIA - CASERMETTE,,2,5,ATTIVO,,,,,,Comune di Lecce
37,B&B VILLA LORENZA,bed_and_breakfast,VIA  PATRASSO,FRAZIONE SAN CATALDO,,4,9,ATTIVO,,,,,,Comune di Lecce
38,B&B MAMA',bed_and_breakfast,VIA DANIELA E PAOLA BASTIANUTTI,FERROVIA - CASERMETTE,,1,2,ATTIVO,35.0,,,,,Comune di Lecce
39,B&B DUCA,bed_and_breakfast,VIA DUCA DEGLI ABRUZZI,CENTRO,,1,2,ATTIVO,,,,,,Comune di Lecce
40,B&B TRESESSANTA360°,bed_and_breakfast,VIA  GIAMMATTEO,SANTA ROSA,,2,8,ATTIVO,,,,,,Comune di Lecce
41,B&B LA CORTE DEI GIUGNI,bed_and_breakfast,CORTE DEI GIUGNI,CENTRO,,4,8,ATTIVO,,,,,,Comune di Lecce
42,B&B LUNA PIENA,bed_and_breakfast,VIA GAETANO DONIZETTI,LEUCA,,2,5,ATTIVO,,,,,,Comune di Lecce
43,B&B A CASA DI JOY,bed_and_breakfast,VIA MARISA BELLISARIO,FERROVIA - CASERMETTE,,4,10,ATTIVO,75.0,,,,,Comune di Lecce
44,B&B PIAZZETTA SAN RAFFAELE,bed_and_breakfast,VIA FLAVIO GIOIA,FRAZIONE SAN CATALDO,,3,8,ATTIVO,,,,,,Comune di Lecce
45,B&B SAN CATALDO,bed_and_breakfast,VIALE CRISTOFORO COLOMBO,FRAZIONE SAN CATALDO,,3,8,ATTIVO,,,,,,Comune di Lecce
46,B&B ROOF BAROCCO SUITE,bed_and_breakfast,PIAZZETTA ARTE DELLA STAMPA,CENTRO,,1,2,ATTIVO,60.0,,,,,Comune di Lecce
47,B&B GLI ARCHI,bed_and_breakfast,VIALE  TORRE  DEL  PARCO,LEUCA,,2,4,ATTIVO,,,,,,Comune di Lecce
48,B&B HISTORICAL SUITES VVM,bed_and_breakfast,VIA ARCIVESCOVO PETRONELLI,CENTRO,,3,6,ATTIVO,130.0,,,,,Comune di Lecce
49,B&B ARIOSTO,bed_and_breakfast,VIA SERAFINO ELMO,SALESIANI,,1,4,ATTIVO,,,,,,Comune di Lecce
50,B&B MASSERIA SANT'ANGELO,bed_and_breakfast,VIA BRIZIO ELIA,RUDIAE - SAN PIO,,3,9,ATTIVO,40.0,,,,,Comune di Lecce
51,B&B CASA MONTALBANO,bed_and_breakfast,VIA DONATO CAMPOBASSO,BORGO SAN NICOLA,,2,8,ATTIVO,,,,,,Comune di Lecce
52,B&B CITTA' DI LECCE,bed_and_breakfast,STRADA PROVINCIALE  225 DALLA LECCE - ARNESANO ALLA LECCE - NOVOLI (VIA DEL CONDÒ),CONTESTO RUDIAE VILLACONVENTO,,5,10,ATTIVO,,,,,,Comune di Lecce
53,B&B SALENTO,bed_and_breakfast,VIA LUIGI CORVAGLIA,LEUCA,,2,4,ATTIVO,,,,,,Comune di Lecce
54,B&B VENTO DELL'EST,bed_and_breakfast,VIA MARGARITO DA BRINDISI,FRAZIONE SAN CATALDO,,3,8,ATTIVO,100.0,,,,,Comune di Lecce
55,B&B B.B. PALAZZO GORGONI,bed_and_breakfast,VIA  IDOMENEO,CENTRO,,4,10,ATTIVO,200.0,,,,,Comune di Lecce
56,B&B SAMA',bed_and_breakfast,VIA FILIPPO BACILE,MAZZINI,,2,9,ATTIVO,,,,,,Comune di Lecce
57,B&B VILLA ROMINA,bed_and_breakfast,VIA GIOVANNI KEPLERO,FRAZIONE SAN CATALDO,,3,10,ATTIVO,,,,,,Comune di Lecce
58,B&B ROSELLINA,bed_and_breakfast,VICO  SFERRACAVALLI,CENTRO,,1,2,ATTIVO,50.0,,,,,Comune di Lecce
59,B&B ISABELLA,bed_and_breakfast,VIA ISABELLA CASTRIOTA,CENTRO,,5,10,ATTIVO,,,,,,Comune di Lecce
60,B&B ANTICAGALATEO,bed_and_breakfast,VIA ANTONIO GALATEO,CENTRO,,2,8,ATTIVO,45.0,,,,,Comune di Lecce
61,B&B NONNO NICOLA,bed_and_breakfast,VIA CESARE BATTISTI,MAZZINI,,2,3,ATTIVO,,,,,,Comune di Lecce
62,B&B IL CAPRIFOGLIO,bed_and_breakfast,VIALE VITTORIO ALFIERI,LEUCA,,2,4,ATTIVO,,,,,,Comune di Lecce
63,B&B CASA ZAHIRA,bed_and_breakfast,VIA QUATTRO NOVEMBRE,SALESIANI,,1,2,ATTIVO,,,,,,Comune di Lecce
64,B& B A CASA DI NONNA ROSA,bed_and_breakfast,VIA BONAVENTURA MAZZARELLA,MAZZINI,,3,6,ATTIVO,100.0,,,,,Comune di Lecce
65,B&B ELISA,bed_and_breakfast,VIA DON BOSCO,FERROVIA - CASERMETTE,,6,10,ATTIVO,35.0,,,,,Comune di Lecce
66,B&B LE SORELLE,bed_and_breakfast,VIA GUGLIELMO OBERDAN,MAZZINI,,1,4,ATTIVO,90.0,,,,,Comune di Lecce
67,B&B LA CORTE II,bed_and_breakfast,CORTE DEL TELEGRAFO AD ASTA,CENTRO,,2,4,ATTIVO,80.0,,,,,Comune di Lecce
68,B&B LA CORTE,bed_and_breakfast,VIA ROBERTO CARACCIOLO,CENTRO,,4,10,ATTIVO,80.0,,,,,Comune di Lecce
69,B&B DEI DUE PORTONI,bed_and_breakfast,VIA  UMBERTO PRIMO,CENTRO,,1,4,ATTIVO,60.0,,,,,Comune di Lecce
70,B&B LA FONTANELLA,bed_and_breakfast,VIA  EMILIA,LEUCA,,4,10,ATTIVO,,,,,,Comune di Lecce
71,B&B RESIDENZA SAN LEONARDO,bed_and_breakfast,VIA ANTONELLO CONIGER,CENTRO,,3,10,ATTIVO,,,,,,Comune di Lecce
72,B&B CASINE NICOLY,bed_and_breakfast,STRADA PROVINCIALE  4 LECCE - NOVOLI - CAMPI - SQUINZANO,RUDIAE - SAN PIO,,4,9,ATTIVO,,,,,,Comune di Lecce
73,B&B PALAZZO CASTROMEDIANO,bed_and_breakfast,VICO  VERNAZZA,CENTRO,,4,10,ATTIVO,,,,,,Comune di Lecce
74,B&B SOLE E SALE,bed_and_breakfast,VIA GIACOMO CARTIER,FRAZIONE SAN CATALDO,,2,8,ATTIVO,100.0,,,,,Comune di Lecce
75,B&B PALAZZO BAROCCO,bed_and_breakfast,VIALE ORONZO QUARTA,FERROVIA - CASERMETTE,,5,10,ATTIVO,,,,,,Comune di Lecce
76,B&B VILLA URSO,bed_and_breakfast,VIA VECCHIA SAN PIETRO IN LAMA,FERROVIA - CASERMETTE,,4,10,ATTIVO,100.0,,,,,Comune di Lecce
77,B&B IL MONASTERO,bed_and_breakfast,VIA  MALENNIO,CENTRO,,4,10,ATTIVO,,,,,,Comune di Lecce
78,B&B 19 VENTI,bed_and_breakfast,VIA IMPERATORE ADRIANO,MAZZINI,,3,7,ATTIVO,,,,,,Comune di Lecce
79,B&B SWEET PARADISE,bed_and_breakfast,VIA DELL' ASPARAGINA,FRAZIONE SAN CATALDO,,2,7,ATTIVO,,,,,,Comune di Lecce
80,B&B AURORA,bed_and_breakfast,VIALE  MARCHE,LEUCA,,4,8,ATTIVO,100.0,,,,,Comune di Lecce
81,B&B LA STANZA DELLA TARANTA,bed_and_breakfast,VIA  TRIESTE,RUDIAE - SAN PIO,,1,4,ATTIVO,,,,,,Comune di Lecce
82,B&B DIMORA SAN GIUSEPPE,bed_and_breakfast,VIA LUDOVICO MAREMONTI,CENTRO,,5,14,ATTIVO,250.0,,,,,Comune di Lecce
83,B&B RESIDENZA PIZZINIACO,bed_and_breakfast,VIA NICOLA CATALDI,LEUCA,,5,15,ATTIVO,105.0,,,,,Comune di Lecce
84,B&B NUVOLE BAROCCHE,bed_and_breakfast,PIAZZETTA BRIZIO DE SANTIS,CENTRO,,2,6,ATTIVO,160.0,,,,,Comune di Lecce
85,B&B LI FIGULI,bed_and_breakfast,VIA EMANUELE ORFANO,BORGO SAN NICOLA,,3,8,ATTIVO,120.0,,,,,Comune di Lecce
86,B&B CAVOUR,bed_and_breakfast,VIA  CAVOUR,CENTRO,,2,8,ATTIVO,,,,,,Comune di Lecce
87,B&B RUDIAE 44,bed_and_breakfast,VIA  RUDIAE,FERROVIA - CASERMETTE,,3,9,ATTIVO,80.0,,,,,Comune di Lecce
88,B&B BELLE EPOQUE,bed_and_breakfast,VIA GIUSEPPE CANDIDO,LEUCA,,2,10,ATTIVO,,,,,,Comune di Lecce
89,B&B MAISON D'ESTIA,bed_and_breakfast,VIA CESARE BATTISTI,MAZZINI,,2,8,ATTIVO,,,,,,Comune di Lecce
90,B&B LA CASA DEI COLORI,bed_and_breakfast,VIA LUIGI STURZO,MAZZINI,,1,2,ATTIVO,,,,,,Comune di Lecce
91,B&B AL CAMINO,bed_and_breakfast,VIA PIETRO CAVOTI,SALESIANI,,2,5,ATTIVO,,,,,,Comune di Lecce
92,B&B IL LUPPIU,bed_and_breakfast,VIA  SANTI GIACOMO E FILIPPO,MAZZINI,,1,2,ATTIVO,,,,,,Comune di Lecce
93,B&B LA TERRAZZA A SUD,bed_and_breakfast,VIA GIUSEPPE ZANARDELLI,MAZZINI,,2,4,ATTIVO,,,,,,Comune di Lecce
94,B&B ARTEMIDE 2,bed_and_breakfast,VIA BONAVENTURA MAZZARELLA,MAZZINI,,3,9,ATTIVO,,,,,,Comune di Lecce
95,B&B LA MAISON DU COEUR,bed_and_breakfast,PIAZZETTA ARCO DI PRATO,CENTRO,,2,5,ATTIVO,,,,,,Comune di Lecce
96,B&B ARANCETO,bed_and_breakfast,CORTE DELLA TORRE  DEI CARRETTI,CENTRO,,4,8,ATTIVO,,,,,,Comune di Lecce
97,B&B DONNA FRANCA,bed_and_breakfast,VIA  NOVANTACINQUESIMO REGGIMENTO FANTERIA,MAZZINI,,5,10,ATTIVO,90.0,,,,,Comune di Lecce
98,B&B VITALITE',bed_and_breakfast,VIA LIBORIO ROMANO,MAZZINI,,1,4,ATTIVO,,,,,,Comune di Lecce
99,B&B VOLVER,bed_and_breakfast,VIALE ORONZO QUARTA,FERROVIA - CASERMETTE,,2,7,ATTIVO,,,,,,Comune di Lecce
100,B&B CORTE DEI ROMITI,bed_and_breakfast,CORTE DEI ROMITI,CENTRO,,2,8,ATTIVO,,,,,,Comune di Lecce
101,B&B LUPIAE,bed_and_breakfast,VIA ANTONIO D'ANDREA,SALESIANI,,4,8,ATTIVO,,,,,,Comune di Lecce
102,B&B LECCE ARTE,bed_and_breakfast,VIA DON BOSCO,FERROVIA - CASERMETTE,,1,2,ATTIVO,,,,,,Comune di Lecce
103,B&B ORANGE,bed_and_breakfast,VIA FILIPPO GALA,FERROVIA - CASERMETTE,,1,3,ATTIVO,,,,,,Comune di Lecce
104,B&B SPIRIT SUITE,bed_and_breakfast,VIA QUATTRO NOVEMBRE,SALESIANI,,3,4,ATTIVO,,,,,,Comune di Lecce
105,B&B TOP SALENTO,bed_and_breakfast,VIA DI VALESIO,RUDIAE - SAN PIO,,3,7,ATTIVO,,,,,,Comune di Lecce
106,B&B VILLA GRAZIA,bed_and_breakfast,VIA ETTORE MUTI,RUDIAE - SAN PIO,,5,7,ATTIVO,,,,,,Comune di Lecce
107,B&B SUITE MAZZINI,bed_and_breakfast,VIA SALVATORE TRINCHESE,CENTRO,,1,4,ATTIVO,,,,,,Comune di Lecce
108,B&B FAZENDA DO BRASIL,bed_and_breakfast,,,,3,10,ATTIVO,,,,,,Comune di Lecce
109,B&B L'ACCHIATURA,bed_and_breakfast,VIA LEONIDA FLASCASSOVITTI,RUDIAE - SAN PIO,,2,9,ATTIVO,90.0,,,,,Comune di Lecce
110,B&B AL VICO DEI SOTTERRANEI,bed_and_breakfast,VICO DEI SOTTERRANEI,CENTRO,,1,2,ATTIVO,40.0,,,,,Comune di Lecce
111,LA SUITE B&B,bed_and_breakfast,VIA DEGLI ACAYA,CENTRO,,2,4,ATTIVO,,,,,,Comune di Lecce
112,B&B IL GIARDINO DEI LIMONI,bed_and_breakfast,VIA NINO BIXIO,SALESIANI,,2,4,ATTIVO,,,,,,Comune di Lecce
113,B&B LA SUPPINA,bed_and_breakfast,VICO CONSERVATORIO SAN LEONARDO,CENTRO,,1,2,ATTIVO,,,,,,Comune di Lecce
114,B&B IL SORRISO DEL BAROCCO,bed_and_breakfast,VIA  TARANTO,BORGO PACE,,1,4,ATTIVO,,,,,,Comune di Lecce
115,B&B VERSO SUD EST,bed_and_breakfast,VIA  SAN PIETRO IN LAMA,FERROVIA - CASERMETTE,,3,6,ATTIVO,,,,,,Comune di Lecce
116,B&B CORTE DELL'IDUME,bed_and_breakfast,CORTE DELL' IDUME,CENTRO,,1,4,ATTIVO,55.0,,,,,Comune di Lecce
117,B&B MANTATELURE - DEPENDANCE,bed_and_breakfast,VIA VITTORIO DEI PRIOLI,CENTRO,,2,8,ATTIVO,450.0,,,,,Comune di Lecce
118,B&B MANTATELURE DIMORA ESCLUSIVA,bed_and_breakfast,VIA VITTORIO DEI PRIOLI,CENTRO,,6,18,ATTIVO,500.0,,,,,Comune di Lecce
119,B&B CORTE BAROCCA,bed_and_breakfast,CORTE DEI MOROSINI,CENTRO,,2,6,ATTIVO,105.0,,,,,Comune di Lecce
120,B&B L'ARMONIA,bed_and_breakfast,VIA  CAVOUR,CENTRO,,2,4,ATTIVO,,,,,,Comune di Lecce
121,B&B MANZONI,bed_and_breakfast,VIA ALESSANDRO MANZONI,SANTA ROSA,,1,5,ATTIVO,50.0,,,,,Comune di Lecce
122,B&B CASA D'ARTISTA,bed_and_breakfast,VIA ABRAMO BALMES,CENTRO,,1,6,ATTIVO,120.0,,,,,Comune di Lecce
123,B&B TASSO ROSSO,bed_and_breakfast,VIA TORQUATO TASSO,SALESIANI,,2,4,ATTIVO,,,,,,Comune di Lecce
124,B&B SIRIO,bed_and_breakfast,VIA DI LEUCA,LEUCA,,6,12,ATTIVO,,,,,,Comune di Lecce
125,B&B WHITE SUITE,bed_and_breakfast,VIA ANTONELLO CONIGER,CENTRO,,2,5,ATTIVO,,,,,,Comune di Lecce
126,B&B CHIC & COUNTRY,bed_and_breakfast,VIA FRANCESCO CAMASSA,LEUCA,,1,4,ATTIVO,140.0,,,,,Comune di Lecce
127,B&B LA PICCOLA DIMORA SALENTINA,bed_and_breakfast,VIA BRACCIO MARTELLO,MAZZINI,,1,4,ATTIVO,,,,,,Comune di Lecce
128,B&B L'ANTICA RIMESSA,bed_and_breakfast,VIA GIUSEPPE CASCIARO,BORGO SAN NICOLA,,2,7,ATTIVO,130.0,,,,,Comune di Lecce
129,B&B VILLA PEPPINA,bed_and_breakfast,VIA GIACOMO PUCCINI,LEUCA,,2,6,ATTIVO,,,,,,Comune di Lecce
130,B&B IL TACCO DELLO STIVALE,bed_and_breakfast,VIA GUGLIELMO OBERDAN,MAZZINI,,1,3,ATTIVO,160.0,,,,,Comune di Lecce
131,B&B ARCHITA,bed_and_breakfast,VIA ARCHITA DA TARANTO,SANTA ROSA,,1,4,ATTIVO,,,,,,Comune di Lecce
132,B&B CORTE DEI TARALLI,bed_and_breakfast,CORTE DEI TARALLI,CENTRO,,3,9,ATTIVO,160.0,,,,,Comune di Lecce
133,B&B I CONTI DI LECCE,bed_and_breakfast,VIA PALAZZO DEI CONTI DI LECCE,,,2,5,ATTIVO,,,,,,Comune di Lecce
134,B&B BRICIOLE DI GUSTO,bed_and_breakfast,VIA GIANGIACOMO LAZARI,SALESIANI,,2,6,ATTIVO,,,,,,Comune di Lecce
135,B&B LUXURY,bed_and_breakfast,VIA  ARCHIMEDE,SALESIANI,,2,6,ATTIVO,,,,,,Comune di Lecce
136,B&B MEDITERRANEO,bed_and_breakfast,VIA GUGLIELMOTTO D'OTRANTO,LEUCA,,2,6,ATTIVO,,,,,,Comune di Lecce
137,B&B AND SO BOUTIQUE,bed_and_breakfast,VIA DEI PERRONI,CENTRO,,6,14,ATTIVO,,,,,,Comune di Lecce
138,B&B LECCE HOLIDAYS,bed_and_breakfast,VIA ANTONIO SALANDRA,MAZZINI,,2,4,ATTIVO,,,,,,Comune di Lecce
139,B&B SALECCE,bed_and_breakfast,VIA FORMOSO LUBELLO,SANTA ROSA,,1,5,ATTIVO,132.0,,,,,Comune di Lecce
140,B&B FENICE BAROCCA,bed_and_breakfast,VIA DELLE ANIME,RUDIAE - SAN PIO,,2,9,ATTIVO,35.0,,,,,Comune di Lecce
141,B&B SUITE NINA,bed_and_breakfast,VIALE DELL' UNIVERSITA',CENTRO,,1,5,ATTIVO,,,,,,Comune di Lecce
142,B&B PALAZZO GUIDO DEPENDANCE,bed_and_breakfast,VIA CONTE GAUFRIDO,,,3,8,ATTIVO,1200.0,,,,,Comune di Lecce
143,B&B PALAZZO GUIDO,bed_and_breakfast,VIA CONTE GAUFRIDO,,,4,8,ATTIVO,1200.0,,,,,Comune di Lecce
144,B&B CASA BRANCACCIO,bed_and_breakfast,VIA MARINO BRANCACCIO,CENTRO,,2,4,ATTIVO,,,,,,Comune di Lecce
145,B&B LECCE HOUSE,bed_and_breakfast,VIA MICHELE SAPONARO,SAN SABINO,,1,5,ATTIVO,50.0,,,,,Comune di Lecce
146,B&B SESTOCHILOMETRO,bed_and_breakfast,STRADA PROVINCIALE  364 DEL LIDO DI LECCE,FRAZIONE SAN CATALDO,,3,9,ATTIVO,50.0,,,,,Comune di Lecce
147,B&B LA DIMORA DI VIA ARCHIMEDE,bed_and_breakfast,VIA  ARCHIMEDE,SALESIANI,,1,4,ATTIVO,,,,,,Comune di Lecce
148,B&B LE TRE CIVETTE,bed_and_breakfast,VIALE DELL' UNIVERSITA',RUDIAE - SAN PIO,,2,16,ATTIVO,90.0,,,,,Comune di Lecce
149,B&B KOLOR,bed_and_breakfast,VIA  TARANTO,RUDIAE - SAN PIO,,2,8,ATTIVO,150.0,,,,,Comune di Lecce
150,B&B PALAZZO BIGNAMI,bed_and_breakfast,VIA  LOMBARDIA,FERROVIA - CASERMETTE,,6,18,ATTIVO,,,,,,Comune di Lecce
151,B&B DEL POPOLO,bed_and_breakfast,VIA DEL SINGONIO,FRAZIONE FRIGOLE,,1,2,ATTIVO,,,,,,Comune di Lecce
152,B&B ALISEO,bed_and_breakfast,VIA DOMENICO MODUGNO,FERROVIA - CASERMETTE,,5,2,ATTIVO,55.0,,,,,Comune di Lecce
153,B&B CASA CALENDRA,bed_and_breakfast,VIA GIOVANNI CAMILLO PALMA,LEUCA,,1,4,ATTIVO,40.0,,,,,Comune di Lecce
154,B&B I QUATTRO BALCONI,bed_and_breakfast,VIA ASCANIO GRANDI,CENTRO,,3,9,ATTIVO,,,,,,Comune di Lecce
155,B&B PALAZZO ROSSI,bed_and_breakfast,PIAZZETTA REGINA MARIA    (D'Enghien),CENTRO,,1,4,ATTIVO,,,,,,Comune di Lecce
156,B&B LA SOSTA,bed_and_breakfast,,,,3,9,ATTIVO,40.0,,,,,Comune di Lecce
157,B&B ANTICHE VOLTE,bed_and_breakfast,VIA ANTONELLO CONIGER,CENTRO,,2,7,ATTIVO,,,,,,Comune di Lecce
158,B&B ZO.NE. BAROQUE,bed_and_breakfast,VIA DUCA DEGLI ABRUZZI,CENTRO,,3,9,ATTIVO,,,,,,Comune di Lecce
159,B&B CORTE TORRE DEI CARRETTI,bed_and_breakfast,CORTE DELLA TORRE  DEI CARRETTI,CENTRO,,1,3,ATTIVO,,,,,,Comune di Lecce
160,B&B SAN ANDREAS,bed_and_breakfast,VIA  ABRUZZI,LEUCA,,5,14,ATTIVO,,,,,,Comune di Lecce
161,B&B LE GIRAVOLTE,bed_and_breakfast,VIA DEI FIGULI,CENTRO,,3,9,ATTIVO,,,,,,Comune di Lecce
162,B&B SOGNIdiVERSI,bed_and_breakfast,VIA  DONATELLO,LEUCA,,1,4,ATTIVO,,,,,,Comune di Lecce
163,B&B DIMORA DEI CARLI,bed_and_breakfast,VIA CESARE BATTISTI,MAZZINI,,2,6,ATTIVO,,,,,,Comune di Lecce
164,B&B LARALA',bed_and_breakfast,VIA SAN FRANCESCO D'ASSISI,CENTRO,,3,6,ATTIVO,50.0,,,,,Comune di Lecce
165,B&B NAMASTE',bed_and_breakfast,VIA GIUSEPPE PARINI,MAZZINI,,2,5,ATTIVO,80.0,,,,,Comune di Lecce
166,B&B IL GIARDINO DI BENEDETTA,bed_and_breakfast,VIA GIUSEPPE CANDIDO,LEUCA,,3,8,ATTIVO,130.0,,,,,Comune di Lecce
167,B&B RE DEL SALE,bed_and_breakfast,VIA CARLO RUSSI,CENTRO,,6,16,ATTIVO,,,,,,Comune di Lecce
168,B&B DIMORA LA CORTE,bed_and_breakfast,CORTE ANTONIO DELLA FLORA,CENTRO,,1,2,ATTIVO,90.0,,,,,Comune di Lecce
169,B&B DIMORE ROMANO,bed_and_breakfast,VIA MICHELANGELO SCHIPA,MAZZINI,,3,6,ATTIVO,,,,,,Comune di Lecce
170,B&B PALAZZO SANT'ANNA SUITE,bed_and_breakfast,VICO DEL PITTACIO,CENTRO,,3,7,ATTIVO,250.0,,,,,Comune di Lecce
171,B&B ARCHETIPO - DOMUS ART GALLERY,bed_and_breakfast,VIA ASCANIO GRANDI,CENTRO,,2,4,ATTIVO,,,,,,Comune di Lecce
172,B&B BUON CONSIGLIO,bed_and_breakfast,VIA GIACOMO MATTEOTTI,CENTRO,,2,9,ATTIVO,,,,,,Comune di Lecce
173,B&B TRIATHLON,bed_and_breakfast,VIA LUIGI STURZO,MAZZINI,,2,7,ATTIVO,100.0,,,,,Comune di Lecce
174,B&B GERBASIO FIAMMETTA,bed_and_breakfast,VIA VITTORIO BACHELET,SAN SABINO,,2,6,ATTIVO,600.0,,,,,Comune di Lecce
175,B&B SUITE LE SCALZE,bed_and_breakfast,VIA CARLO RUSSI,CENTRO,,1,4,ATTIVO,,,,,,Comune di Lecce
176,B&B DOMUS LUPIAE,bed_and_breakfast,VIA GIUSEPPE PETRAGLIONE,FERROVIA - CASERMETTE,,2,8,ATTIVO,,,,,,Comune di Lecce
177,B&B IL CASALE DEI PRINCIPI,bed_and_breakfast,VIA DEI CONDO',FERROVIA – CASERMETTE,,3,6,ATTIVO,,,,,,Comune di Lecce
178,B&B LE CIVETTE,bed_and_breakfast,VIA MARTIRI D'OTRANTO,FERROVIA - CASERMETTE,,1,4,ATTIVO,,,,,,Comune di Lecce
179,B&B NOVANTANOVE,bed_and_breakfast,VIA GIUSEPPE ZANARDELLI,MAZZINI,,3,6,ATTIVO,,,,,,Comune di Lecce
180,B&B CASA DI LO',bed_and_breakfast,VIA NAZARIO SAURO,MAZZINI,,4,14,ATTIVO,,,,,,Comune di Lecce
181,B&B LA DIMORA DI VESTA,bed_and_breakfast,VIA IMPERATORE ADRIANO,MAZZINI,,3,5,ATTIVO,,,,,,Comune di Lecce
182,B&B PIAZZA 300MILA,bed_and_breakfast,VIA  QUARANTASETTESIMO REGGIMENTO FANTERIA,MAZZINI,,3,9,ATTIVO,80.0,,,,,Comune di Lecce
183,B&B EUIPPA HOME,bed_and_breakfast,VIA  EUIPPA,CENTRO,,2,5,ATTIVO,,,,,,Comune di Lecce
184,B&B RISVEGLIO COL ROSONE,bed_and_breakfast,VIA  UMBERTO PRIMO,CENTRO,,2,9,ATTIVO,100.0,,,,,Comune di Lecce
185,B&B ALVINO SUITE & BREAKFAST,bed_and_breakfast,VIA ROBERTO DI BICCARI,CENTRO,,6,15,ATTIVO,140.0,,,,,Comune di Lecce
186,B&B DAVID HOUSE,bed_and_breakfast,VIA FERRANTE CARACCIOLO,LEUCA,,1,4,ATTIVO,160.0,,,,,Comune di Lecce
187,B&B CASA CAPECE,bed_and_breakfast,VIA CORRADO CAPECE,CENTRO,,2,5,ATTIVO,,,,,,Comune di Lecce
188,B&B TRA I MARI DEL SALENTO,bed_and_breakfast,VIA GIOVAMBATTISTA GAGLIARDO,FERROVIA - CASERMETTE,,3,8,ATTIVO,100.0,,,,,Comune di Lecce
189,B&B AND SO PALADINI,bed_and_breakfast,VIA GUGLIELMO PALADINI,CENTRO,,3,6,ATTIVO,,,,,,Comune di Lecce
190,B&B AL CENTRO DI LECCE,bed_and_breakfast,VIA GIUSEPPE GIUSTI,MAZZINI,,1,4,ATTIVO,,,,,,Comune di Lecce
191,B&B DIMORA DEI BARONI,bed_and_breakfast,VIA ANTONIO GALATEO,CENTRO,,2,7,ATTIVO,,,,,,Comune di Lecce
192,B&B EXCELSIOR,bed_and_breakfast,VIA  GIAMMATTEO,SALESIANI,,2,6,ATTIVO,,,,,,Comune di Lecce
193,B&B IL PASTICCIOTTO,bed_and_breakfast,VIALE  ROMA,SAN SABINO,,1,5,ATTIVO,300.0,,,,,Comune di Lecce
194,B&B GREEN PARADISE,bed_and_breakfast,VIA GIOVANNI GENTILE,MAZZINI,,6,12,ATTIVO,,,,,,Comune di Lecce
195,B&B VIA GENTILE,bed_and_breakfast,VIA GIOVANNI GENTILE,MAZZINI,,6,12,ATTIVO,,,,,,Comune di Lecce
196,B&B ASTERISCO,bed_and_breakfast,VIALE DELLA LIBERTA',MAZZINI,,1,3,ATTIVO,,,,,,Comune di Lecce
197,B&B B&BAROCCO,bed_and_breakfast,VIALE DON MINZONI,LEUCA,,1,2,ATTIVO,,,,,,Comune di Lecce
198,B&B A SANTA ROSA,bed_and_breakfast,VIA  GARIGLIANO,SANTA ROSA,,2,5,ATTIVO,,,,,,Comune di Lecce
199,B&B DIMI HOUSE DI DOMENICO SOLANO,bed_and_breakfast,VIA FILIPPO BACILE,MAZZINI,,6,10,ATTIVO,,,,,,Comune di Lecce
200,B&B LE LUMINARIE,bed_and_breakfast,VIA GIUSEPPE PISANELLI,LEUCA,,3,9,ATTIVO,,,,,,Comune di Lecce
201,B&B LA CONTRORA,bed_and_breakfast,MASSAGLIA 3/A,,,3,8,ATTIVO,,,,,,Comune di Lecce
202,B&B LE SIGNORINE,bed_and_breakfast,VIALE DELL' UNIVERSITA',CENTRO,,3,7,ATTIVO,150.0,,,,,Comune di Lecce
203,B&B CENTRAL SUITES LECCE,bed_and_breakfast,VIA GIACOMO MATTEOTTI,CENTRO,,3,6,ATTIVO,,,,,,Comune di Lecce
204,B&B ADA SUITES,bed_and_breakfast,VIA DI VALESIO,RUDIAE - SAN PIO,,6,14,ATTIVO,,,,,,Comune di Lecce
205,B&B BAROCCO OBERDAN,bed_and_breakfast,VIA GUGLIELMO OBERDAN,MAZZINI,,4,10,ATTIVO,100.0,,,,,Comune di Lecce
206,B&B MIRE & SALLY,bed_and_breakfast,VICO DEI CRETY,CENTRO,,1,3,ATTIVO,90.0,,,,,Comune di Lecce
207,B&B VICO SFERRACAVALLI,bed_and_breakfast,VICO  SFERRACAVALLI,CENTRO,,1,4,ATTIVO,,,,,,Comune di Lecce
208,B&B TIFFANY'S HOUSE,bed_and_breakfast,PIAZZETTA SCIPIONE DA SUMMA,CENTRO,,1,4,ATTIVO,,,,,,Comune di Lecce
209,B&B MASSA HOUSE,bed_and_breakfast,VIA FRANCESCO ANTONIO D'AMELIO,CENTRO,,2,4,ATTIVO,,,,,,Comune di Lecce
210,B&B ROSA DEL SALENTO,bed_and_breakfast,VIALE  GALLIPOLI,CENTRO,,2,4,ATTIVO,90.0,,,,,Comune di Lecce
211,B&B FAMILY HOUSE,bed_and_breakfast,VIA  MINCIO,SANTA ROSA,,2,5,ATTIVO,,,,,,Comune di Lecce
212,B&B CASINA DELLE ARTI,bed_and_breakfast,VIALE CRISTOFORO COLOMBO,FRAZIONE SAN CATALDO,,1,5,ATTIVO,,,,,,Comune di Lecce
213,B&B LU SALENTU,bed_and_breakfast,VIA GIUSEPPE MANTOVANO,MAZZINI,,1,4,ATTIVO,,,,,,Comune di Lecce
214,B&B L'ORANGERIE D'EPOQUE,bed_and_breakfast,VIALE FRANCESCO LO RE,CENTRO,,4,8,ATTIVO,60.0,,,,,Comune di Lecce
215,B&B ORSINI DEL BALZO,bed_and_breakfast,VIA GIOVANNI ANTONIO ORSINI DEL BALZO,LEUCA,,2,6,ATTIVO,120.0,,,,,Comune di Lecce
216,B&B LUXMAMI,bed_and_breakfast,VIA GIACOMO PUCCINI,LEUCA,,1,3,ATTIVO,,,,,,Comune di Lecce
217,B&B KISSFROMSALENTO di A. GALATI,bed_and_breakfast,VIA DEI FIGULI,CENTRO,,2,6,ATTIVO,250.0,,,,,Comune di Lecce
218,B&B DIMORA SAN BIAGIO SUITES & APARTMENT,bed_and_breakfast,VIA ASCANIO GRANDI,CENTRO,,6,13,ATTIVO,,,,,,Comune di Lecce
219,B&B ACASADIENRICO.IT,bed_and_breakfast,VIALE DON MINZONI,LEUCA,,1,2,ATTIVO,,,,,,Comune di Lecce
220,B&B AGAPE ROOMS,bed_and_breakfast,VIA DELLA SINAGOGA,CENTRO,,2,4,ATTIVO,149.0,,,,,Comune di Lecce
221,B&B LECCE ANTICA,bed_and_breakfast,VIALE ORONZO QUARTA,FERROVIA - CASERMETTE,,3,17,ATTIVO,,,,,,Comune di Lecce
222,B&B TOMA ST.,bed_and_breakfast,VIA GIOACCHINO TOMA,RUDIAE - SAN PIO,,3,7,ATTIVO,80.0,,,,,Comune di Lecce
223,B&B CAT'S ROOM,bed_and_breakfast,PIAZZETTA ARTE DELLA STAMPA,CENTRO,,1,2,ATTIVO,100.0,,,,,Comune di Lecce
224,B&B IMBRIANI 24,bed_and_breakfast,VIA MATTEO RENATO IMBRIANI,MAZZINI,,3,9,ATTIVO,,,,,,Comune di Lecce
225,B&B CASA TUA,bed_and_breakfast,VIA DOMENICO DE ANGELIS,,,3,6,ATTIVO,,,,,,Comune di Lecce
226,B&B MERAKI,bed_and_breakfast,VIA DI LEUCA,,,1,4,ATTIVO,120.0,,,,,Comune di Lecce
227,B&B MADIGANS ROOMS,bed_and_breakfast,VIA  RUDIAE,FERROVIA - CASERMETTE,,6,16,ATTIVO,,,,,,Comune di Lecce
228,B&B IL SEGRETO,bed_and_breakfast,VICO DEI FIESCHI,CENTRO,,1,7,ATTIVO,75.0,,,,,Comune di Lecce
229,BED & BREAKFAST JOY,bed_and_breakfast,VIA DON BOSCO,FERROVIA - CASERMETTE,,3,3,ATTIVO,,,,,,Comune di Lecce
230,B&B LE MURA,bed_and_breakfast,VIA DON BOSCO,FERROVIA - CASERMETTE,,3,7,ATTIVO,,,,,,Comune di Lecce
231,ROSARIA'S SUITE AND ROOMS,bed_and_breakfast,VIA PADOVANO BAX,CENTRO,,3,9,ATTIVO,,,,,,Comune di Lecce
232,ANTICA DIMORA DEI NONNI,bed_and_breakfast,VIA CORRADO CAPECE,CENTRO,,3,9,ATTIVO,140.0,,,,,Comune di Lecce
233,LE STANZE DEL DUOMO,bed_and_breakfast,VIA LUIGI SCARAMBONE,CENTRO,,4,4,ATTIVO,60.0,,,,,Comune di Lecce
234,B&B GIANMARTI SRLS,bed_and_breakfast,VIA DUCA D'AOSTA,SALESIANI,,4,11,ATTIVO,300.0,,,,,Comune di Lecce
235,ALLE PORTE DEL SALENTO,bed_and_breakfast,VIA GIUSEPPE DE ROMA,BORGO SAN NICOLA,,2,8,ATTIVO,40.0,,,,,Comune di Lecce
236,TARANTA SUITE,bed_and_breakfast,VIA CESARE BATTISTI,MAZZINI,,3,13,ATTIVO,200.0,,,,,Comune di Lecce
237,B&B CHARLESTON,bed_and_breakfast,VIALE FRANCESCO LO RE,CENTRO,,6,12,ATTIVO,350.0,,,,,Comune di Lecce
238,MaGiA,bed_and_breakfast,VICO CONSERVATORIO SAN LEONARDO,CENTRO,,,,ATTIVO,35.0,,,,,Comune di Lecce
239,B&B DIMORA VILLANI,bed_and_breakfast,VIA  PROTONOBILISSIMI,CENTRO,,3,9,ATTIVO,300.0,,,,,Comune di Lecce
240,B&B MEME',bed_and_breakfast,VICO DEL PITTACIO,CENTRO,,3,8,ATTIVO,250.0,,,,,Comune di Lecce
241,EVERYDAY EVERYNIGHT,bed_and_breakfast,VIA GIUSEPPE GABRIELI,SALESIANI,,1,2,ATTIVO,50.0,,,,,Comune di Lecce
242,BED & BREAKFAST CORTE DEI MUSC,bed_and_breakfast,CORTE DEI MUSCO,CENTRO,,2,6,ATTIVO,130.0,,,,,Comune di Lecce
243,B&B AMATE' DI SPEDICATO PATRIZIA,bed_and_breakfast,VICO SAN GIUSTO,CENTRO,,3,8,ATTIVO,250.0,,,,,Comune di Lecce
244,PASSIONE DEL SUD,bed_and_breakfast,,,,2,5,ATTIVO,120.0,,,,,Comune di Lecce
245,NUVOLE BAROCCHE B & B,bed_and_breakfast,PIAZZETTA BRIZIO DE SANTIS,CENTRO,,2,6,ATTIVO,70.0,,,,,Comune di Lecce
246,TUILE 34,bed_and_breakfast,VIA GUGLIELMO OBERDAN,MAZZINI,,4,7,ATTIVO,100.0,,,,,Comune di Lecce
247,COL CUORE NEL CENTRO DI LECCE,bed_and_breakfast,VIA  GORIZIA,RUDIAE - SAN PIO,,1,4,ATTIVO,50.0,,,,,Comune di Lecce
248,B&B PANORAMIC SUITE,bed_and_breakfast,PIAZZA GIUSEPPE MAZZINI,MAZZINI,,3,15,ATTIVO,100.0,,,,,Comune di Lecce
249,B&B Last Minute Lecce,bed_and_breakfast,VIA DALMAZIO BIRAGO,RUDIAE - SAN PIO,,2,5,ATTIVO,280.0,,,,,Comune di Lecce
250,B&B PALAZZO DEI DONDOLI,bed_and_breakfast,VIA ALFONSO SOZY CARAFA,RUDIAE - SAN PIO,,6,18,ATTIVO,180.0,,,,,Comune di Lecce
251,PANGEA E PANTHALASSA,bed_and_breakfast,VIALE DELL' UNIVERSITA',CENTRO,,2,6,ATTIVO,,,,,,Comune di Lecce
252,ROOMS RUDIAE,bed_and_breakfast,VIA ARMANDO DIAZ,FERROVIA - CASERMETTE,,2,4,ATTIVO,120.0,,,,,Comune di Lecce
253,LA DIMORA STORICA,bed_and_breakfast,VICO DEL THEUTRA,CENTRO,,1,3,ATTIVO,140.0,,,,,Comune di Lecce
254,ABALTO,bed_and_breakfast,PIAZZA  SANT'ORONZO,CENTRO,,2,8,ATTIVO,70.0,,,,,Comune di Lecce
255,B&B CASA AMALIA,bed_and_breakfast,VIA  BELLINZONA,LEUCA,,1,3,ATTIVO,60.0,,,,,Comune di Lecce
256,B & B HOLIDAYS LECCE,bed_and_breakfast,VIA  SAN DOMENICO SAVIO,SALESIANI,,3,6,ATTIVO,90.0,,,,,Comune di Lecce
257,B & B KABALA JANG,bed_and_breakfast,VIA  IDOMENEO,CENTRO,,2,6,ATTIVO,80.0,,,,,Comune di Lecce
258,B&B LE MURA DI LECCE,bed_and_breakfast,VIA DON BOSCO,FERROVIA - CASERMETTE,,3,7,ATTIVO,80.0,,,,,Comune di Lecce
259,DIMORA DELL'ARTISTA 2,bed_and_breakfast,VIA  GORIZIA,RUDIAE - SAN PIO,,4,4,ATTIVO,100.0,,,,,Comune di Lecce
260,B&B THE APULIAN,bed_and_breakfast,VIA GIUSEPPE CINO,CENTRO,,3,7,ATTIVO,65.0,,,,,Comune di Lecce
261,B&B IL CASTELLANO,bed_and_breakfast,VIA ANTONIO RENZO,CENTRO,,3,9,ATTIVO,120.0,,,,,Comune di Lecce
262,BNB FICO,bed_and_breakfast,VIA GIUSTINO DE JACOBIS,FERROVIA - CASERMETTE,,3,9,ATTIVO,100.0,,,,,Comune di Lecce
263,B&B LA DIMORA DEI PROFESSORI,bed_and_breakfast,VIA GIOACCHINO TOMA,RUDIAE - SAN PIO,,2,11,ATTIVO,78.0,,,,,Comune di Lecce
264,B&B ADA SUITES,bed_and_breakfast,VIA DI VALESIO,RUDIAE - SAN PIO,,2,6,ATTIVO,150.0,,,,,Comune di Lecce
265,B&B ASTRO BLU,bed_and_breakfast,VIA LUIGI MAGGIULLI,SANTA ROSA,,2,8,ATTIVO,50.0,,,,,Comune di Lecce
266,B&B LES TRES CHAMBRES,bed_and_breakfast,VIA BRACCIO MARTELLO,MAZZINI,,3,6,ATTIVO,100.0,,,,,Comune di Lecce
267,ECCELSOLECCESE,bed_and_breakfast,VIA ARMANDO DIAZ,FERROVIA - CASERMETTE,,2,4,ATTIVO,120.0,,,,,Comune di Lecce
268,B&B DIMORA VICO DEI NOHI,bed_and_breakfast,VICO DEI NOHI,CENTRO,,3,6,ATTIVO,100.0,,,,,Comune di Lecce
269,PALAZZO MARINI B&B DI CHARME,bed_and_breakfast,PIAZZETTA SAN GIOVANNI DEI FIORENTINI,CENTRO,,5,11,ATTIVO,170.0,,,,,Comune di Lecce
270,B&B PALAZZO SAMBIASI,bed_and_breakfast,VIA MARCO BASSEO,CENTRO,,1,5,ATTIVO,120.0,,,,,Comune di Lecce
271,B & B AZZURRETTA,bed_and_breakfast,VIA ANDREA VIGNES,CENTRO,,4,13,ATTIVO,150.0,,,,,Comune di Lecce
272,B&B LITIUM 3,bed_and_breakfast,PIAZZETTA ARCO DI PRATO,CENTRO,,4,9,ATTIVO,139.0,,,,,Comune di Lecce
273,B&B CASA SABELLA,bed_and_breakfast,VIA GIUSEPPE ZANARDELLI,MAZZINI,,3,6,ATTIVO,100.0,,,,,Comune di Lecce
274,B&B,bed_and_breakfast,VIA DALMAZIO BIRAGO,RUDIAE - SAN PIO,,2,4,ATTIVO,50.0,,,,,Comune di Lecce
275,CHEZ MOI LECCE CHARME B&B,bed_and_breakfast,VIA GAETANO BRUNETTI,CENTRO,,3,8,ATTIVO,160.0,,,,,Comune di Lecce
276,B&B PALAZZO LUCE,bed_and_breakfast,VIA DEL PALAZZO DEI CONTI DI LECCE,CENTRO,,5,11,ATTIVO,1000.0,,,,,Comune di Lecce
277,B&B ELLE SUITE,bed_and_breakfast,VIA VINCENZO MORELLI,CENTRO,,1,2,ATTIVO,150.0,,,,,Comune di Lecce
278,B&B GARDEN SUITE,bed_and_breakfast,VIA GUGLIELMO PALADINI,CENTRO,,3,5,ATTIVO,70.0,,,,,Comune di Lecce
279,B&B SIGNURIA,bed_and_breakfast,CORTE DELLE ARMELLINE,CENTRO,,4,9,ATTIVO,150.0,,,,,Comune di Lecce
280,B&B Ca' Mele,bed_and_breakfast,VIA SOTTOTENENTE MARIO DI LECCE,RUDIAE - SAN PIO,,1,4,ATTIVO,80.0,,,,,Comune di Lecce
281,B&B Cadelli Luxury Suite,bed_and_breakfast,CORTE DEI GUARINI,CENTRO,,9,9,ATTIVO,80.0,,,,,Comune di Lecce
282,B&B LIMEHOME PALAZZO BN,bed_and_breakfast,VIALE VENTICINQUE LUGLIO,CENTRO,,7,18,ATTIVO,1800.0,,,,,Comune di Lecce
283,B&B MAMMA SPLENDORA,bed_and_breakfast,VIA GUGLIELMOTTO D'OTRANTO,LEUCA,,1,6,ATTIVO,75.0,,,,,Comune di Lecce
284,B&B TABISCA ROOMS,bed_and_breakfast,VICO DIETRO LO SPEDALE DEI PELLEGRINI,CENTRO,,2,5,ATTIVO,150.0,,,,,Comune di Lecce
285,B&B NIKE,bed_and_breakfast,VIA CARLO BARBIERI,FERROVIA - CASERMETTE,,2,5,ATTIVO,100.0,,,,,Comune di Lecce
286,B&B BEVILACQUA MARIA CRISTINA,bed_and_breakfast,VIA PAOLO COLACI,RUDIAE - SAN PIO,,3,6,ATTIVO,40.0,,,,,Comune di Lecce
287,DIMORA SAN LEUCIO LUXURY ROOMS,bed_and_breakfast,VIA ABRAMO BALMES,CENTRO,,5,18,ATTIVO,350.0,,,,,Comune di Lecce
288,B&B VILLA REGINELLA,bed_and_breakfast,VIA MICHELE LAPORTA,FERROVIA - CASERMETTE,,3,12,ATTIVO,375.0,,,,,Comune di Lecce
289,B&B LARAZZO,bed_and_breakfast,VIA DON BOSCO,FERROVIA - CASERMETTE,,3,6,ATTIVO,119.0,,,,,Comune di Lecce
290,B&B CANDIDO,bed_and_breakfast,VIA GIUSEPPE CANDIDO,LEUCA,,2,4,ATTIVO,60.0,,,,,Comune di Lecce
291,B&B BEDDHRA MIA,bed_and_breakfast,VIA DI TAFAGNANO,LEUCA,,3,6,ATTIVO,110.0,,,,,Comune di Lecce
292,B&B CUORE DEL PALIO,bed_and_breakfast,VIALE DELLA LIBERTA',SALESIANI,,1,5,ATTIVO,50.0,,,,,Comune di Lecce
293,B&B LA FINESTRA SUL CONVITTO,bed_and_breakfast,CORTE ANGELO MIALI,CENTRO,,2,6,ATTIVO,60.0,,,,,Comune di Lecce
294,B&B LA BELLA LECCE,bed_and_breakfast,VIA ANTONIO GALATEO,CENTRO,,1,1,ATTIVO,,,,,,Comune di Lecce
295,B&B ALLA VISTA DEL BAROCCO,bed_and_breakfast,VIALE DELL' UNIVERSITA',CENTRO,,2,5,ATTIVO,150.0,,,,,Comune di Lecce
296,B&B InCentro,bed_and_breakfast,VIA VITO FAZZI,CENTRO,,3,9,ATTIVO,150.0,,,,,Comune di Lecce
297,B&B PALAZZO BERNARDINI SUITE,bed_and_breakfast,VIA MARCO BASSEO,CENTRO,,4,8,ATTIVO,140.0,,,,,Comune di Lecce
298,B&B OHANA DI CARDONE LAURA,bed_and_breakfast,VIA FABIO FILZI,MAZZINI,,3,7,ATTIVO,120.0,,,,,Comune di Lecce
299,B&B WHITEHOUSE GENTILE,bed_and_breakfast,VIA  CAMPANIA,MAZZINI,,1,3,ATTIVO,150.0,,,,,Comune di Lecce
300,B&B DEGLI ARTISTI,bed_and_breakfast,VIA RICHEL RUBICHI,CENTRO,,3,9,ATTIVO,150.0,,,,,Comune di Lecce
301,B&B HABITARE,bed_and_breakfast,VIA DI VASTE,RUDIAE - SAN PIO,,3,6,ATTIVO,130.0,,,,,Comune di Lecce
302,B&B BACCO E BAROCCO,bed_and_breakfast,VIA CLEMENTE REBORA,,,2,5,ATTIVO,40.0,,,,,Comune di Lecce
303,B&B PALAZZO LECCE,bed_and_breakfast,VIA ROBERTO CARACCIOLO,CENTRO,,6,13,ATTIVO,400.0,,,,,Comune di Lecce
304,B&B PIAZZA ARGENTO,bed_and_breakfast,VIA  SAN BERNARDINO REALINO,LEUCA,,3,15,ATTIVO,50.0,,,,,Comune di Lecce
305,DON NINO B&B,bed_and_breakfast,VIA GIOVANNI CAMILLO PALMA,LEUCA,,3,9,ATTIVO,85.0,,,,,Comune di Lecce
306,B&B NUOVO REALE,bed_and_breakfast,VIA EGIDIO REALE,RUDIAE - SAN PIO,,6,12,ATTIVO,100.0,,,,,Comune di Lecce
307,B&B LA FITOLACCA,bed_and_breakfast,VIA  PAISIELLO,LEUCA,,3,5,ATTIVO,180.0,,,,,Comune di Lecce
308,B&B MALENNIO,bed_and_breakfast,VIA  MALENNIO,CENTRO,,2,5,ATTIVO,100.0,,,,,Comune di Lecce
309,B&B DISTINTO SUITE & ROOMS,bed_and_breakfast,VIA GUGLIELMO OBERDAN,MAZZINI,,2,4,ATTIVO,180.0,,,,,Comune di Lecce
310,B&B DIMORA DEI SALENTINI,bed_and_breakfast,VIA DI CASANELLO,SALESIANI,,4,12,ATTIVO,120.0,,,,,Comune di Lecce
311,B&B IL CORTILE,bed_and_breakfast,VIA GIOACCHINO TOMA,RUDIAE - SAN PIO,,1,3,ATTIVO,70.0,,,,,Comune di Lecce
312,B&B ANGELICA,bed_and_breakfast,VIA  POZZUOLO,RUDIAE - SAN PIO,,2,5,ATTIVO,80.0,,,,,Comune di Lecce
313,B&B PALAZZO CHARLIE DI NICKEL M.,bed_and_breakfast,PIAZZETTA DUCA D' ATENE,CENTRO,,4,8,ATTIVO,205.0,,,,,Comune di Lecce
314,B&B RELUXE,bed_and_breakfast,VIA DE ARGENTERIS,CENTRO,,2,4,ATTIVO,150.0,,,,,Comune di Lecce
315,B&B SUITE SAN BIAGIO,bed_and_breakfast,VIALE DON MINZONI,LEUCA,,2,8,ATTIVO,150.0,,,,,Comune di Lecce
316,B&B MATTEO DA LECCE,bed_and_breakfast,VIA MATTEO DA LECCE,CENTRO,,3,8,ATTIVO,160.0,,,,,Comune di Lecce
317,B&B CASINA FONTANA,bed_and_breakfast,VIA  SAN PIETRO IN LAMA,FERROVIA - CASERMETTE,,5,14,ATTIVO,200.0,,,,,Comune di Lecce
318,B&B MERABULO',bed_and_breakfast,VIA FABIO FILZI,MAZZINI,,3,9,ATTIVO,130.0,,,,,Comune di Lecce
319,B&B LECCE SALENTO,bed_and_breakfast,VIA DEI MOCENIGO,CENTRO,,5,12,ATTIVO,150.0,,,,,Comune di Lecce
320,B&B KALURYA,bed_and_breakfast,VIA DON BOSCO,FERROVIA - CASERMETTE,,3,9,ATTIVO,50.0,,,,,Comune di Lecce
321,PALAZZO ROSSI,bed_and_breakfast,PIAZZETTA REGINA MARIA    (D'Enghien),CENTRO,,5,16,ATTIVO,130.0,,,,,Comune di Lecce
322,B&B I QUATTRO BALCONI ROOMS,bed_and_breakfast,VIA GUGLIELMO PALADINI,CENTRO,,3,5,ATTIVO,160.0,,,,,Comune di Lecce
323,B&B LE VOLTE DI VICO SAN LEONARDO,bed_and_breakfast,VICO CONSERVATORIO SAN LEONARDO,CENTRO,,1,4,ATTIVO,65.0,,,,,Comune di Lecce
324,B&B I SEI VOLTI,bed_and_breakfast,PIAZZETTA GABRIELE RICCARDI,CENTRO,,3,8,ATTIVO,,,,,,Comune di Lecce
325,B&B AEDES&B - IL GIARDINO DEI SOGNI,bed_and_breakfast,VIA  LOMBARDIA,FERROVIA - CASERMETTE,,6,18,ATTIVO,140.0,,,,,Comune di Lecce
326,B&B PAOLELLI PIERO,bed_and_breakfast,VIA GIULIO CESARE VANINI,RUDIAE - SAN PIO,,3,7,ATTIVO,120.0,,,,,Comune di Lecce
327,B&B DONNA TERESA GUEST HOUSE,bed_and_breakfast,VIA GIUSEPPE LIBERTINI,CENTRO,,3,6,ATTIVO,100.0,,,,,Comune di Lecce
328,B&B TOLOMEI SUITES,bed_and_breakfast,CORTE DEI TOLOMEI,CENTRO,,3,10,ATTIVO,250.0,,,,,Comune di Lecce
329,B&B SamEle BedandBreakfast,bed_and_breakfast,VIA GIUSTINO DE JACOBIS,RUDIAE - SAN PIO,,1,3,ATTIVO,120.0,,,,,Comune di Lecce
330,B&B A CLASS,bed_and_breakfast,VIA MATTEO RENATO IMBRIANI,MAZZINI,,3,9,ATTIVO,55.0,,,,,Comune di Lecce
331,B&B L'ATTICO PIAZZA S. ORONZO,bed_and_breakfast,VICO DEGLI STORELLA,CENTRO,,2,4,ATTIVO,100.0,,,,,Comune di Lecce
332,B&B DAMASA ROOMS,bed_and_breakfast,VIA DEGLI AMMIRATI,CENTRO,,5,14,ATTIVO,130.0,,,,,Comune di Lecce
333,B&B LA CASA DI NINA,bed_and_breakfast,VIA CHARLES LE CORBUSIER,FERROVIA - CASERMETTE,,1,2,ATTIVO,120.0,,,,,Comune di Lecce
334,B&B IL FILO DI ARIANNA,bed_and_breakfast,VIA  SARDEGNA,LEUCA,,3,6,ATTIVO,100.0,,,,,Comune di Lecce
335,B&B  TENUTA DON CARMELO,bed_and_breakfast,VIA DELLE CAVE DEL DUCA DI TORRE VECCHIA,LEUCA,,4,9,ATTIVO,250.0,,,,,Comune di Lecce
336,B&B PALAZZO PORCARI,bed_and_breakfast,PIAZZETTA ARCO DI PRATO,CENTRO,,3,9,ATTIVO,60.0,,,,,Comune di Lecce
337,B&B LECCE D'AMARE,bed_and_breakfast,VIA PIERO GOBETTI,MAZZINI,,2,6,ATTIVO,100.0,,,,,Comune di Lecce
338,B&B LUXATTICO,bed_and_breakfast,VIA FORMOSO LUBELLO,SANTA ROSA,,,,ATTIVO,500.0,,,,,Comune di Lecce
339,B&B ALEA ROOMS,bed_and_breakfast,VIA COSIMO DI PALMA,MAZZINI,,,,ATTIVO,,,,,,Comune di Lecce
340,B&B ARMONIA,bed_and_breakfast,VIALE FRANCESCO LO RE,CENTRO,,2,8,ATTIVO,,,,,,Comune di Lecce
341,B&B LE NICCHIE LUXURY ROOMS,bed_and_breakfast,VIA LUIGI SCARAMBONE,CENTRO,,3,8,ATTIVO,270.0,,,,,Comune di Lecce
342,B&B SALENTO GARDEN,bed_and_breakfast,VIA VITTORIO TONDI,SAN SABINO,,3,8,ATTIVO,180.0,,,,,Comune di Lecce
343,B&B DIMORA LE TRE MUSE,bed_and_breakfast,VIA  SAN CESARIO,LEUCA,,4,11,ATTIVO,250.0,,,,,Comune di Lecce
344,B&B LECCE PARKSIDE APARTMENT,bed_and_breakfast,VIA VECCHIA SURBO,RUDIAE - SAN PIO,,1,2,ATTIVO,300.0,,,,,Comune di Lecce
345,B&B LUXURY SUIES BY AND SO,bed_and_breakfast,VIA DEI PERRONI,CENTRO,,3,8,ATTIVO,50.0,,,,,Comune di Lecce
346,B&B MOSAICHOME,bed_and_breakfast,VIA  NIZZA,LEUCA,,1,3,ATTIVO,65.0,,,,,Comune di Lecce
347,B&B AI DUE SANTI,bed_and_breakfast,VIA GUGLIELMOTTO D'OTRANTO,LEUCA,,1,2,ATTIVO,120.0,,,,,Comune di Lecce
348,B&B VIANNA SUITES,bed_and_breakfast,VIA GAETANO BRUNETTI,CENTRO,,3,8,ATTIVO,300.0,,,,,Comune di Lecce
349,B&B DIPACE APARTMENT,bed_and_breakfast,VIA MONTE GRAPPA,FERROVIA - CASERMETTE,,3,5,ATTIVO,120.0,,,,,Comune di Lecce
350,B&B PALAZO CONSOLE DI RESCIO ALBERTO,bed_and_breakfast,VIA COLONNELLO ARCHIMEDE COSTADURA,SANTA ROSA,,5,10,ATTIVO,500.0,,,,,Comune di Lecce
351,B&B 2 SANTI,bed_and_breakfast,VIA  SANTI GIACOMO E FILIPPO,MAZZINI,,2,8,ATTIVO,90.0,,,,,Comune di Lecce
352,B&B VIA COTA,bed_and_breakfast,VIA  COTA,MAZZINI,,3,6,ATTIVO,150.0,,,,,Comune di Lecce
353,B&B TENUTA LI MARITATI,bed_and_breakfast,VIA  LO PAPA,SANTA ROSA,,2,2,ATTIVO,150.0,,,,,Comune di Lecce
354,B&B BAROQUE,bed_and_breakfast,VIA  TARANTO,RUDIAE - SAN PIO,,4,5,ATTIVO,180.0,,,,,Comune di Lecce
355,B&B MASSERIA PARALUPI,bed_and_breakfast,VIA  TINTORETTO,LEUCA,,5,10,ATTIVO,320.0,,,,,Comune di Lecce
356,B&B PALAZZO SALIA,bed_and_breakfast,VIA CARLO RUSSI,CENTRO,,3,9,ATTIVO,120.0,,,,,Comune di Lecce
357,B&B CASA VACANZE LECCE MAZZINI,bed_and_breakfast,VIA  CAMPANIA,MAZZINI,,1,4,ATTIVO,160.0,,,,,Comune di Lecce
358,B&B BATTISTI ROOMS & BREAKFAST,bed_and_breakfast,VIA CESARE BATTISTI,MAZZINI,,3,13,ATTIVO,200.0,,,,,Comune di Lecce
359,B&B HELIANTUS ROOMS,bed_and_breakfast,VIA ENRICO ERRIQUEZ,RUDIAE - SAN PIO,,3,8,ATTIVO,150.0,,,,,Comune di Lecce
360,B&B LO SCRIGNO BAROCCO,bed_and_breakfast,VICO CONSERVATORIO SAN LEONARDO,CENTRO,,,,ATTIVO,,,,,,Comune di Lecce
361,B&B LA VOLTA,bed_and_breakfast,VIA  PANTELLERIA,LEUCA,,1,2,ATTIVO,120.0,,,,,Comune di Lecce
362,B&B A DUE PASSI DAL DUOMO - BNB,bed_and_breakfast,VIA GUGLIELMO PALADINI,CENTRO,,2,4,ATTIVO,80.0,,,,,Comune di Lecce
363,B&B ATTICO BAROCCO,bed_and_breakfast,VIA GIACOMO MATTEOTTI,CENTRO,,4,16,ATTIVO,350.0,,,,,Comune di Lecce
364,B&B IL CORTILE DELLE SPERIDI,bed_and_breakfast,VIA GIUSEPPE CANDIDO,LEUCA,,4,17,ATTIVO,180.0,,,,,Comune di Lecce
365,B&B THE GARDEN VIEW NEAR THE SEA,bed_and_breakfast,VIA DELLA BECCACCIA,CONTESTO DELL'ENTROTERRA COSTIERO,,1,2,ATTIVO,100.0,,,,,Comune di Lecce
366,B&B ALLA LUCE DEL BAROCCO,bed_and_breakfast,VIA DI LEUCA,LEUCA,,3,8,ATTIVO,150.0,,,,,Comune di Lecce
367,B&B AI RAGGI DI SOLE,bed_and_breakfast,VIA DI LEUCA,LEUCA,,3,8,ATTIVO,210.0,,,,,Comune di Lecce
368,ILICE B&B,bed_and_breakfast,VIA FABIO FILZI,MAZZINI,,5,11,ATTIVO,250.0,,,,,Comune di Lecce
369,B&B ANTICA VILLA LA VIOLA,bed_and_breakfast,VIALE  MARCHE,LEUCA,,1,2,ATTIVO,150.0,,,,,Comune di Lecce
370,B&B LU CUCCUVIU TE LECCE,bed_and_breakfast,VIA FILIPPO CORRIDONI,MAZZINI,,1,2,ATTIVO,160.0,,,,,Comune di Lecce
371,B&B CASA DEL SOLE,bed_and_breakfast,VIA VECCHIA CARMIANO,FERROVIA – CASERMETTE,,2,4,ATTIVO,90.0,,,,,Comune di Lecce
372,B&B  FELICE SUD,bed_and_breakfast,VIA ROCCO SCOTELLARO,SALESIANI,,2,5,ATTIVO,300.0,,,,,Comune di Lecce
373,B&B GALATEO,bed_and_breakfast,VIA BRUNO CANTOBELLI,LEUCA,,,,ATTIVO,55.0,,,,,Comune di Lecce
374,B&B BINARIO9,bed_and_breakfast,VIA DON BOSCO,FERROVIA - CASERMETTE,,4,9,ATTIVO,330.0,,,,,Comune di Lecce
375,B&B IL GIARDINO DELLA SCUNCERTA,bed_and_breakfast,VIA GIOVANNI ANDREA COPPOLA,LEUCA,,4,13,ATTIVO,250.0,,,,,Comune di Lecce
376,B&B DIMORA GENTILE,bed_and_breakfast,VIALE GIOACCHINO ROSSINI,LEUCA,,3,7,ATTIVO,250.0,,,,,Comune di Lecce
377,B&B SANTA CROCE SUITE & GARDEN,bed_and_breakfast,VIA PIETRO BELLI,CENTRO,,,,ATTIVO,150.0,,,,,Comune di Lecce
378,B&B LECCE FITNESS HOUSE,bed_and_breakfast,VIA NICOLA VACCA,SALESIANI,,,,ATTIVO,100.0,,,,,Comune di Lecce
379,B&B EUFONIA,bed_and_breakfast,VIA ARRIGO BOITO,LEUCA,,3,6,ATTIVO,200.0,,,,,Comune di Lecce
380,B&B MAISON PATRICIA,bed_and_breakfast,VIA FORMOSO LUBELLO,SANTA ROSA,,2,3,ATTIVO,,,,,,Comune di Lecce
381,B&B CIVICO 49,bed_and_breakfast,VIA DUCA DEGLI ABRUZZI,CENTRO,,5,14,ATTIVO,120.0,,,,,Comune di Lecce
382,B&B IRIS,bed_and_breakfast,VIA ACHILLE DANIELE,SALESIANI,,4,1,ATTIVO,,,,,,Comune di Lecce
383,B&B VILLA LECCE,bed_and_breakfast,VIA VILLA BELLAVISTA,FERROVIA - CASERMETTE,,3,6,ATTIVO,135.0,,,,,Comune di Lecce
384,B&B LECCE MON AMOUR,bed_and_breakfast,VIA GIUSEPPE MANTOVANO,MAZZINI,,3,7,ATTIVO,160.0,,,,,Comune di Lecce
385,B&B NUANCE SUITE & ROOMS,bed_and_breakfast,VIA  SAN LAZZARO,MAZZINI,,4,8,ATTIVO,150.0,,,,,Comune di Lecce
386,B&B CORTE DEI MEMOLI,bed_and_breakfast,CORTE DEI MEMOLI,CENTRO,,2,7,ATTIVO,60.0,,,,,Comune di Lecce
387,B&B SUITE TORRE SAN GIORGIO,bed_and_breakfast,CORTE DELLA CAPPELLA SAN GIORGIO DI BARLIERA,CENTRO,,1,2,ATTIVO,250.0,,,,,Comune di Lecce
388,B&B LUZ DE SALENTO,bed_and_breakfast,VIA PIETRO MICHELI,SALESIANI,,5,12,ATTIVO,70.0,,,,,Comune di Lecce
389,B&B LE TERRICATE,bed_and_breakfast,VIA  LAZIO,LEUCA,,2,4,ATTIVO,400.0,,,,,Comune di Lecce
390,B&B APULIA CONCEPT,bed_and_breakfast,VIA CESARE BATTISTI,MAZZINI,,5,13,ATTIVO,300.0,,,,,Comune di Lecce
391,B&B IL RIFUGIO DEI KAPONIK,bed_and_breakfast,VIA ERMENEGILDO PERSONE',CENTRO,,4,12,ATTIVO,300.0,,,,,Comune di Lecce
392,B&B BIRAGO DI GIURGOLA FRANCESCO,bed_and_breakfast,VIA DALMAZIO BIRAGO,RUDIAE - SAN PIO,,5,12,ATTIVO,140.0,,,,,Comune di Lecce
393,B&B VILLA DELLA LUPA,bed_and_breakfast,VIALE VENTICINQUE LUGLIO,CENTRO,,3,7,ATTIVO,180.0,,,,,Comune di Lecce
394,B&B 900 DI MIRKO GUADAGNO,bed_and_breakfast,VIA  NOVANTACINQUESIMO REGGIMENTO FANTERIA,MAZZINI,,3,6,ATTIVO,70.0,,,,,Comune di Lecce
395,B&B SANT'ORONZO,bed_and_breakfast,VIA RICHEL RUBICHI,CENTRO,,3,9,ATTIVO,50.0,,,,,Comune di Lecce
396,B&B TERRAZZA SAN GIUSTO,bed_and_breakfast,VIA  IDOMENEO,CENTRO,,,,ATTIVO,,,,,,Comune di Lecce
397,B&B PALAZZO EMU,bed_and_breakfast,VIA DEGLI STAMPACCHIA,LEUCA,,2,6,ATTIVO,150.0,,,,,Comune di Lecce
398,B&B LECCE MARANT DI ANTONIO MANNO,bed_and_breakfast,VIA VITTORIO TONDI,SAN SABINO,,,,ATTIVO,,,,,,Comune di Lecce
399,B&B PREZIOSO SUITE & ROOMS,bed_and_breakfast,VIA GABRIELE D'ANNUNZIO,SALESIANI,,4,6,ATTIVO,180.0,,,,,Comune di Lecce
400,B&B GIARDINI DI MARZO,bed_and_breakfast,VIA GUIDO CAVALCANTI,SANTA ROSA,,5,15,ATTIVO,350.0,,,,,Comune di Lecce
401,B&B VALIGIA BED&GO,bed_and_breakfast,VIA CASALE BAGNARA,RUDIAE - SAN PIO,,2,2,ATTIVO,90.0,,,,,Comune di Lecce
402,GREEN-HOUSE B&B LECCE,bed_and_breakfast,VIA DI PORCIGLIANO,SALESIANI,,3,9,ATTIVO,150.0,,,,,Comune di Lecce
403,B&B VITTORIA HOME,bed_and_breakfast,VIA COLONNELLO ARCHIMEDE COSTADURA,SANTA ROSA,,2,4,ATTIVO,300.0,,,,,Comune di Lecce
404,B&B SEPTEMBER SUITE,bed_and_breakfast,VIA  VENTI SETTEMBRE,LEUCA,,2,6,ATTIVO,150.0,,,,,Comune di Lecce
405,B&B VILLA GENNY,bed_and_breakfast,VIA FLAVIO GIOIA,FRAZIONE SAN CATALDO,,3,8,ATTIVO,100.0,,,,,Comune di Lecce
406,B&B LI CETTI,bed_and_breakfast,VIALE  MARCHE,LEUCA,,,,ATTIVO,,,,,,Comune di Lecce
407,B&B A CASA DI GIO',bed_and_breakfast,VIALE GIUSEPPE GRASSI,FERROVIA - CASERMETTE,,2,6,ATTIVO,110.0,,,,,Comune di Lecce
408,B&B DOMUS GAIA,bed_and_breakfast,VIA FERRANTE D'ARAGONA,CENTRO,,2,8,ATTIVO,150.0,,,,,Comune di Lecce
409,B&B DIMORA DONNA RITA,bed_and_breakfast,VIA FRANCO PERULLI,CONTESTO RUDIAE VILLACONVENTO,,3,7,ATTIVO,120.0,,,,,Comune di Lecce
410,B&B DIMORA GIUSTI,bed_and_breakfast,VIA GIUSEPPE GIUSTI,MAZZINI,,4,12,ATTIVO,250.0,,,,,Comune di Lecce
411,B&B GIRASALENTO.IT,bed_and_breakfast,VIA  AVELLINO,SAN SABINO,,2,8,ATTIVO,200.0,,,,,Comune di Lecce
412,B&B DUE CUORI LUXURY HOUSE,bed_and_breakfast,VIA DI VALESIO,RUDIAE - SAN PIO,,1,2,ATTIVO,300.0,,,,,Comune di Lecce
413,B&B MS ROOMS,bed_and_breakfast,VIA  ADRIATICA,SANTA ROSA,,3,6,ATTIVO,100.0,,,,,Comune di Lecce
414,B&B DA GINO,bed_and_breakfast,VIA VECCHIA SURBO,RUDIAE - SAN PIO,,3,13,ATTIVO,75.0,,,,,Comune di Lecce
415,B&B MESCIU CESARE,bed_and_breakfast,VIA MARTINO MARINOSCI,SALESIANI,,2,4,ATTIVO,150.0,,,,,Comune di Lecce
416,B&B CAPPERI HOUSE,bed_and_breakfast,VIA  QUARANTASETTESIMO REGGIMENTO FANTERIA,MAZZINI,,3,6,ATTIVO,150.0,,,,,Comune di Lecce
417,B&B MASSERIA CARETTI VECCHIA,bed_and_breakfast,STRADA PROVINCIALE  236 SURBO – CASALABATE,CONTESTO DI SANTA MARIA CERRATE,,1,2,ATTIVO,100.0,,,,,Comune di Lecce
418,B&B L'ASTRO BLU,bed_and_breakfast,VIA LUIGI MAGGIULLI,SANTA ROSA,,3,9,ATTIVO,150.0,,,,,Comune di Lecce
419,B&B A CASA DI PAOLA,bed_and_breakfast,VIA CESARE BATTISTI,MAZZINI,,2,9,ATTIVO,80.0,,,,,Comune di Lecce
420,B&B CASA Q BNB,bed_and_breakfast,VIALE  GALLIPOLI,CENTRO,,3,6,ATTIVO,150.0,,,,,Comune di Lecce
421,B&B VILLA GRAZIA,bed_and_breakfast,VIA GOFFREDO MAMELI,RUDIAE - SAN PIO,,2,4,ATTIVO,80.0,,,,,Comune di Lecce
422,B&B CAMINANTI DI DANILO RIZZO,bed_and_breakfast,VICO DEL PITTACIO,CENTRO,,3,8,ATTIVO,90.0,,,,,Comune di Lecce
423,B&B LE QUATTRO PORTE,bed_and_breakfast,VIA  CAVOUR,CENTRO,,5,8,ATTIVO,,,,,,Comune di Lecce
424,B&B SAN PIO SUITES,bed_and_breakfast,VIA DELLE ANIME,RUDIAE - SAN PIO,,3,6,ATTIVO,,,,,,Comune di Lecce
425,B&B DIMORA DEGLI ARTISTI,bed_and_breakfast,VIA  GORIZIA,RUDIAE - SAN PIO,,,,ATTIVO,,,,,,Comune di Lecce
426,B&B MARMUR LUXURY ROOM,bed_and_breakfast,VIA RICHEL RUBICHI,CENTRO,,3,7,ATTIVO,,,,,,Comune di Lecce
427,B&B CORTE DEI LUBELLI,bed_and_breakfast,CORTE DEI LUBELLI,CENTRO,,,,ATTIVO,,,,,,Comune di Lecce
428,B&B ROSITA ROOMS,bed_and_breakfast,VIA  SANTA MARIA DELL'IDRIA,FERROVIA - CASERMETTE,,7,3,ATTIVO,,,,,,Comune di Lecce
429,B&B BAROCCO SUITE,bed_and_breakfast,VIA COLONNELLO ARCHIMEDE COSTADURA,SALESIANI,,5,10,ATTIVO,60.0,,,,,Comune di Lecce
430,B&B KABALA BED AND BREAKFAST,bed_and_breakfast,VIA  IDOMENEO,CENTRO,,3,6,ATTIVO,,,,,,Comune di Lecce
431,B&B LA FONTANELLA,bed_and_breakfast,VIA  EMILIA,LEUCA,,,,ATTIVO,,,,,,Comune di Lecce
432,B&B PALAZZO CAVOUR,bed_and_breakfast,VIA  CAVOUR,CENTRO,,,,ATTIVO,,,,,,Comune di Lecce
433,B&B HABITARE DI MONICA FABBRI,bed_and_breakfast,VIA DI VASTE,RUDIAE - SAN PIO,,5,10,ATTIVO,,,,,,Comune di Lecce
434,31 GIRAVOLTE,casa_vacanza,VIA DELLE GIRAVOLTE 31,,,,,ATTIVO,,,,,,Comune di Lecce
435,8+ HOTEL,albergo,VIALE RISORGIMENTO,,4,,,ATTIVO,,,,,,Comune di Lecce
436,A CASA DI GIULIA,affittacamere,VIA NUZZO BARBA 2,,,,,ATTIVO,,,,,,Comune di Lecce
437,AFFITTACAMERE LA BELLA LECCE,affittacamere,VIA E. REALE 1,,,,,ATTIVO,,,,,,Comune di Lecce
438,APOLLO SUITES,affittacamere,PIAZZA GIUSEPPE LIBERTINI 11,,,,,ATTIVO,,,,,,Comune di Lecce
439,ARCO,affittacamere,VIA QUINTO FABIO BALBO. 5 - 2°PIANO,,,,,ATTIVO,,,,,,Comune di Lecce
440,ARCO SUITE,affittacamere,VIA SANTA MARIA DEI VETERANI 2,,,,,ATTIVO,,,,,,Comune di Lecce
441,ARCO VECCHIO,affittacamere,VIA QUINTO FABIO BALBO. 5 - P.T. E 1°PIANO,,,,,ATTIVO,,,,,,Comune di Lecce
442,ARTHOTEL & PARK,albergo,"VIA DE CHIRICO. 1 - LOC.""MASSERIA LA PEZZA""",,4,,,ATTIVO,,,,,,Comune di Lecce
443,BAROCCO DREAM,casa_vacanza,CORTE VOLTURIO 1,,,,,ATTIVO,,,,,,Comune di Lecce
444,BED-SALENTO.COM,affittacamere,VIA CARLO RUSSI 40,,,,,ATTIVO,,,,,,Comune di Lecce
445,BREAK - BREAK APARTMENTS,affittacamere,VIA ORONZO MASSA 3/5,,,,,ATTIVO,,,,,,Comune di Lecce
446,CAMPING VILLAGE TORRE RINALDA,campeggio,LITORANEA SALENTINA,TORRE RINALDA,4,,,ATTIVO,,,,,,Comune di Lecce
447,CASA DALMAZIA,casa_vacanza,VIA DALMAZIA 5,,,,,ATTIVO,,,,,,Comune di Lecce
448,CASA DEI MERCANTI,affittacamere,VICO DEGLI STORELLA. 13,,,,,ATTIVO,,,,,,Comune di Lecce
449,CASA DEI MERCANTI,casa_vacanza,VICO DEGLI STORELLA. 13,,,,,ATTIVO,,,,,,Comune di Lecce
450,CASA DEL CLERO,residence,VIA UMBRIA,,,,,ATTIVO,,,,,,Comune di Lecce
451,CASA FERRANTE,affittacamere,VIA FERRANTE D'ARAGONA N.12/A,,,,,ATTIVO,,,,,,Comune di Lecce
452,CASA VACANZA COLORINSALENTO,casa_vacanza,CORTE DEI TARALLI. 2,,,,,ATTIVO,,,,,,Comune di Lecce
453,CASA VACANZA RABBONI LUCIA,casa_vacanza,CORTE DEI TARALLI. 3,,,,,ATTIVO,,,,,,Comune di Lecce
454,CASA VACANZE SANT'ORONZO,residence,PIAZZA SANT'ORONZO 8,,,,,ATTIVO,,,,,,Comune di Lecce
455,CASAVACANZE SANTERINA,casa_vacanza,CORTE SANT'IRENE 7-9,,,,,ATTIVO,,,,,,Comune di Lecce
456,CENTRO STORICO,affittacamere,VIA ANDREA VIGNES 2,,,,,ATTIVO,,,,,,Comune di Lecce
457,COMPAGNIA DEL SALENTO,affittacamere,VIA COSIMO DI PALMA 9,,,,,ATTIVO,,,,,,Comune di Lecce
458,CORTE DELL'ELCE,affittacamere,VIA LUIGI SCARAMBONE 49,,,,,ATTIVO,,,,,,Comune di Lecce
459,CORTE REALE,affittacamere,VIA REDIPUGLIA 19,,,,,ATTIVO,,,,,,Comune di Lecce
460,DE' GUIDANI HOLIDAYS EXPERIENCE,casa_vacanza,VIA LEUCA 72,,,,,ATTIVO,,,,,,Comune di Lecce
461,DELLA TORRE ROOMS,affittacamere,VIA ALESSANDRO MANZONI 18,,,,,ATTIVO,,,,,,Comune di Lecce
462,DIMORA ATENEO 1,casa_vacanza,VIALE DELL'UNIVERSITA' 57 INT. 1,,,,,ATTIVO,,,,,01/08/2018,Comune di Lecce
463,DIMORA ATENEO 2,casa_vacanza,VIALE DELL'UNIVERSITA' 57,,,,,ATTIVO,,,,,,Comune di Lecce
464,DIMORA SAN LEUCIO,affittacamere,VIA ABRAMO BALMES 8,,,,,ATTIVO,,,,,,Comune di Lecce
465,DOMUS SALENTO SUITES & APARTMENT,affittacamere,VIALE MARCHE 17,,,,,ATTIVO,,,,,,Comune di Lecce
466,DON GIULIANO,casa_vacanza,VICO DEL SOLE 1,,,,,ATTIVO,,,,,,Comune di Lecce
467,DUCA,affittacamere,VIA DUCA DEGLI ABRUZZI 81,,,,,ATTIVO,,,,,,Comune di Lecce
468,ECOHOUSING,affittacamere,VIA FABIO FILZI N.12,,,,,ATTIVO,,,,,,Comune di Lecce
469,EMMANUEL,affittacamere,STRADA PROV.LE LECCE/NOVOLI N.23,,,,,ATTIVO,,,,,,Comune di Lecce
470,FUORI LE MURA,casa_vacanza,VIA VECCHIA SAN PIETRO IN LAMA 99,,,,,ATTIVO,,,,,,Comune di Lecce
471,GRAND HOTEL DI LECCE,albergo,VIALE ORONZO QUARTA. 28,,4,,,ATTIVO,,,,,,Comune di Lecce
472,GRAND HOTEL TIZIANO E DEI CONGRESSI,albergo,INIZIO SUPERSTRADA LE/BR,,4,,,ATTIVO,,,,,,Comune di Lecce
473,HAPPY APARTMENT,affittacamere,VIA DUCA DEGLI ABRUZZI 67,,,,,ATTIVO,,,,,,Comune di Lecce
474,HOTEL DELLE PALME,albergo,VIA LEUCA. 90,,4,,,ATTIVO,,,,,,Comune di Lecce
475,HOTEL EOS,albergo,VIA ALFIERI. 11 ANG. VIA BOLZANO,,3,,,ATTIVO,,,,,,Comune di Lecce
476,HOTEL HILTON GARDEN INN,albergo,VIA COSIMO DE GIORGI 62,,4,,,ATTIVO,,,,,,Comune di Lecce
477,HOTEL MASSERIA & SPA LUCIAGIOVANNI,albergo,VIA CALIÒ,TORRE VENERI,4,,,ATTIVO,,,,,,Comune di Lecce
478,HOTEL MASSERIA COCCIOLI,residence,VIA G. MONTICELLI 17,,3,,,ATTIVO,,,,,,Comune di Lecce
479,HOTEL PRESIDENT,albergo,VIA SALANDRA. 6,,4,,,ATTIVO,,,,,,Comune di Lecce
480,HOTEL ZENIT,albergo,VIA ADRIATICA. 141/B ANG. VIA FERRANDO,,4,,,ATTIVO,,,,,,Comune di Lecce
481,HOUSENERGY,casa_vacanza,VIA TOLOMEO 4/6,SAN CATALDO,,,,ATTIVO,,,,,,Comune di Lecce
482,IL CANTUCCIO,casa_vacanza,VIA MINNITI 15 P2,,,,,ATTIVO,,,,,,Comune di Lecce
483,IL GIARDINO DELLE MARGHERITE,affittacamere,VIA DI VASTE 9,,,,,ATTIVO,,,,,,Comune di Lecce
484,IL GIARDINO DI SYBAR,affittacamere,VICO STORTO CARITA' VECCHIA 28,,,,,ATTIVO,,,,,,Comune di Lecce
485,IL PALAZZOTTO,affittacamere,VIA DI VALESIO 91,,,,,ATTIVO,,,,,,Comune di Lecce
486,IL PALAZZOTTO,residence,VIA POZZUOLO 31 ANGOLO VIA DI VALESIO 93,,,,,ATTIVO,,,,,,Comune di Lecce
487,IMBRIANI 24,affittacamere,VIA SALANDRA 15,,,,,ATTIVO,,,,,,Comune di Lecce
488,LA CASA DEL SOLE,casa_vacanza,VIA PIETRO MICHELI 19,,,,,ATTIVO,,,,,,Comune di Lecce
489,LA CASA DI GIOVANNI,affittacamere,VIA REDIPUGLIA 19,,,,,ATTIVO,,,,,,Comune di Lecce
490,LA FIERMONTINA URBAN RESORT IN LECCE,albergo,PIAZZETTA SCIPIONE DE SUMMA 4,,,,,ATTIVO,,,,,,Comune di Lecce
491,LA MONACA SALENTINA,affittacamere,VICO SAN GIUSTO,LECCE,,,,ATTIVO,,,,,,Comune di Lecce
492,LE BARCHETTE,residence,VIALE CRISTOFORO COLOMBO,SAN CATALDO,,,,ATTIVO,,,,,,Comune di Lecce
493,LE BIFORE CHARMING HOUSE,affittacamere,VICO DEI FIESCHI N.16,,,,,ATTIVO,,,,,,Comune di Lecce
494,LE CAMPANELLE DI ISABELLA,casa_vacanza,VIA ISABELLA CASTRIOTA 2B,,,,,ATTIVO,,,,,,Comune di Lecce
495,LE CLUB,albergo,VIA REGINA ISABELLA 2,,,,,ATTIVO,,,,,,Comune di Lecce
496,LE DUE MUSCE,casa_vacanza,VIA IDOMENEO 20,,,,,ATTIVO,,,,,,Comune di Lecce
497,LECCE MON AMOUR,affittacamere,VIA GIUSEPPE MANTOVANO 8,,,,,ATTIVO,,,,,,Comune di Lecce
498,LECCECENTRO,affittacamere,VIA PIETRO PALUMBO. 16,,,,,ATTIVO,,,,,,Comune di Lecce
499,LECCELSIOR,affittacamere,VIA COTA 20,,,,,ATTIVO,,,,,,Comune di Lecce
500,LEONE DI MESSAPIA - HOTEL & CONFERENCE,albergo,VIA PROV.LE LECCE/CAVALLINO. 32,,4,,,ATTIVO,,,,,,Comune di Lecce
501,LIDO SMERALDO,casa_vacanza,VIA LUNGOMARE,FRIGOLE,,,,ATTIVO,,,,,,Comune di Lecce
502,MAISON MIMI',affittacamere,VIA MARCO AURELIO 18/B,,,,,ATTIVO,,,,,,Comune di Lecce
503,MASSERIA TRAPANÀ,affittacamere,S.P. LECCE-SURBO KM.2,TRAPANA' GRANDE,,,,ATTIVO,,,,,,Comune di Lecce
504,MASSERIA TRAPANÀ,casa_vacanza,S.P.236 LECCE-SURBO,LOCALITA' TRAPANA' GRANDE,,,,ATTIVO,,,,,,Comune di Lecce
505,MC HOTEL,casa_vacanza,VIA PRINCIPI DI SAVOIA 41/A,,,,,ATTIVO,,,,,,Comune di Lecce
506,MOTEL ALOISI,albergo,VIA TARANTO. 297,,3,,,ATTIVO,,,,,,Comune di Lecce
507,MYAVACANZE,casa_vacanza,PIAZZETTA DEI LONGOBARDI 4,,,,,ATTIVO,,,,,,Comune di Lecce
508,NIDI DI FEO,affittacamere,VIA ADRIATICA. 128,,,,,ATTIVO,,,,,,Comune di Lecce
509,OSTELLO DEL SOLE,ostello,VIA VESPUCCI,SAN CATALDO,2^ CATEGORIA,,,ATTIVO,,,,,,Comune di Lecce
510,PALAZZO BELSANTI,affittacamere,VIALE DELL'UNIVERSITA' 63,,,,,ATTIVO,,,,,,Comune di Lecce
511,PALAZZO DE NOHA,albergo,VIA G. PALADINI 47,,4,,,ATTIVO,,,,,,Comune di Lecce
512,PALAZZO DEI DONDOLI RESIDENCE,residence,VIA SOZY CARAFA 20/A,,,,,ATTIVO,,,,,,Comune di Lecce
513,PALAZZO DEL CENTRO GUEST HOUSE,affittacamere,VIA DEGLI ANTOGLIETTA 19/A,,,,,ATTIVO,,,,,,Comune di Lecce
514,PALAZZO MASSARI ROOMS,affittacamere,VIALE ORONZO QUARTA 18,,,,,ATTIVO,,,,,,Comune di Lecce
515,PALAZZO PERSONE',affittacamere,VIA UMBERTO I 7,,,,,ATTIVO,,,,,,Comune di Lecce
516,PALAZZO ROLLO RESIDENCE,residence,VIA V.EMANUELE. 14,,,,,ATTIVO,,,,,,Comune di Lecce
517,PASTOR BONUS,casa_per_ferie,VIA P.STOMEO. 9,,,,,ATTIVO,,,,,,Comune di Lecce
518,PATRIA PALACE HOTEL,albergo,PIAZZETTA RICCIARDI. 13,,5,,,ATTIVO,,,,,,Comune di Lecce
519,PERLA HOTEL,albergo,VIA LUNGOMARE NORD,CASALABATE,3,,,ATTIVO,,,,,,Comune di Lecce
520,RACAR RESIDENCE,albergo,VIALE RACAR. 25,FRIGOLE,3,,,ATTIVO,,,,,,Comune di Lecce
521,RESIDENCE DEI LILLÀ,residence,VIA DEI LILLÀ 3,TORRE CHIANCA,,,,ATTIVO,,,,,,Comune di Lecce
522,RESIDENCE EUPHORBIA,residence,VIA DALMAZIO BIRAGO 77 79A,,,,,ATTIVO,,,,,,Comune di Lecce
523,RESIDENCE IL CORTILE DELLE ESPERIDI,residence,VIA G. CANDIDO N.20,,,,,ATTIVO,,,,,,Comune di Lecce
524,RESIDENCE LUPIAE,residence,VIA GUGLIELMOTTO D'OTRANTO. 42,,2,,,ATTIVO,,,,,,Comune di Lecce
525,RESIDENZA TORRE RINALDA,villaggio_turistico,VIA DEI CROSTACEI 1,TORRE RINALDA,,,,ATTIVO,,,,,,Comune di Lecce
526,RISORGIMENTO RESORT,albergo,VIA A.IMPERATORE. 19,,5L,,,ATTIVO,,,,,,Comune di Lecce
527,ROOMS IL CORTILE DELLE ESPERIDI,affittacamere,VIA G. CANDIDO N.20,,,,,ATTIVO,,,,,,Comune di Lecce
528,SALENTO LIVING APPARTMENTS,residence,VICO DEI NOHI 1,,,,,ATTIVO,,,,,,Comune di Lecce
529,SALENTO RESIDENCE,residence,VIA CASTELLAMMARE ANG. VIA PIGAFETTA,SAN CATALDO,,,,ATTIVO,,,,,,Comune di Lecce
530,SALENTO VILLAGE & RESIDENCE,residence,VIA VIETRI SNC,SAN CATALDO,3,,,ATTIVO,,,,,,Comune di Lecce
531,SANTA ROSA GUEST HOUSE,affittacamere,VIA PO 3,,,,,ATTIVO,,,,,,Comune di Lecce
532,SANTACROCE LUXURY ROOMS,affittacamere,P.ZZA RICCARDI 11,,,,,ATTIVO,,,,,,Comune di Lecce
533,SIRIO,affittacamere,VIA LEUCA. 22,,,,,ATTIVO,,,,,,Comune di Lecce
534,SOL,affittacamere,VIA TEMPLARI 11,,,,,ATTIVO,,,,,,Comune di Lecce
535,SPIAGGIABELLA RESORT - PARCO DEL RAUCCIO,residence,VIA PORTO D'ERCOLE,SPIAGGIABELLA,3,,,ATTIVO,,,,,,Comune di Lecce
536,STANZE DEL SALENTO,affittacamere,VIA CARLO RUSSI 38,,,,,ATTIVO,,,,,,Comune di Lecce
537,SUITE DELLA VILLA,casa_vacanza,VIA PREMUDA 8,,,,,ATTIVO,,,,,,Comune di Lecce
538,SUITE HOTEL SANTA CHIARA,albergo,VIA DEGLI AMMIRATI. 24 ANG. VIA A.IMPERATORE,,4,,,ATTIVO,,,,,,Comune di Lecce
539,SUITE N.15,affittacamere,VIA MALENNIO 13-15,,,,,ATTIVO,,,,,,Comune di Lecce
540,SUITE PALACE CASTROMEDIANO,affittacamere,VICO VERNAZZA 4,,,,,ATTIVO,,,,,,Comune di Lecce
541,SWEET HOME LECCE CENTRO,casa_vacanza,VICO DEI RAINO' 15,,,,,ATTIVO,,,,,,Comune di Lecce
542,SWEET HOME LECCE VISTA DUOMO,casa_vacanza,VIALE FRANCESCO LO RE 105,,,,,ATTIVO,,,,,,Comune di Lecce
543,TEATRO ROMANO,casa_vacanza,VIA DEL TEATRO ROMANO 3,,,,,ATTIVO,,,,,,Comune di Lecce
544,TEATRO ROMANO,casa_vacanza,VIA DEL TEATRO ROMANO 5,,,,,ATTIVO,,,,,,Comune di Lecce
545,TORRE DEL PARCO 1419,residence,VIALE TORRE DEL PARCO 1,,4,,,ATTIVO,,,,,,Comune di Lecce
546,TWIN TOWERS ROOM,affittacamere,VIA GENTILE 27 - P.3° - SCALA B,,,,,ATTIVO,,,,,,Comune di Lecce
547,URBAN OASIS  HOSTEL,affittacamere,VIA NICOLA CATALDI 3 PT,LECCE,,,,ATTIVO,,,,,,Comune di Lecce
548,URBAN OASIS PRIVATE ROOMS,affittacamere,VIA NICOLA CATALDI 3 P1,LECCE,,,,ATTIVO,,,,,,Comune di Lecce
549,URBAN SUITE,casa_vacanza,VIA ADA CUDAZZO,,,,,ATTIVO,,,,,,Comune di Lecce
550,URBAN SUITE,casa_vacanza,VIA DOMENICO ACCLAVIO,,,,,ATTIVO,,,,,,Comune di Lecce
551,VIA TURATI,casa_vacanza,VIA TURATI 31,,,,,ATTIVO,,,,,,Comune di Lecce
552,VILLA MAGGIULLI ALFIERI,affittacamere,VIA MATERDOMINI. 10,,,,,ATTIVO,,,,,,Comune di Lecce
553,VILLA MIMINA,affittacamere,VIA SANDALO 2,,,,,ATTIVO,,,,,,Comune di Lecce
554,YARCILLOS LUXURY ROOMS,affittacamere,VIALE DELL'UNIVERSITA' 87,,,,,ATTIVO,,,,,,Comune di Lecce
555,RELAIS SANTA CROCE,affittacamere,VIA IDOMENEO 68/A,,,,,ATTIVO,,,,,04/07/2018,Comune di Lecce
556,AZIENDA AGRICOLA LO PRESTI ILLUMINATA,affittacamere,S.P. 236 SURBO-CASALABATE 208,,,,,ATTIVO,,,,,,Comune di Lecce
