id,nome_servizio,descrizione_servizio,ente_erogatore,codice_ipa,canale_erogazione,requisiti_accesso,url_servizio
1,SCIA - Pratica Edilizia,Pratica edilizia tipo SCIA presso Via Cavour 140,SUE Comune Ideale,c_ideal,sportello+online,Proprietario o avente titolo,https://sue.comuneideale.it
2,CIL - Pratica Edilizia,Pratica edilizia tipo CIL presso Via Verdi 130,SUE Comune Ideale,c_ideal,sportello+online,Proprietario o avente titolo,https://sue.comuneideale.it
3,CILA - Pratica Edilizia,Pratica edilizia tipo CILA presso Via XX Settembre 57,SUE Comune Ideale,c_ideal,sportello+online,Proprietario o avente titolo,https://sue.comuneideale.it
4,SCIA - Pratica Edilizia,Pratica edilizia tipo SCIA presso Viale Europa 2,SUE Comune Ideale,c_ideal,sportello+online,Proprietario o avente titolo,https://sue.comuneideale.it
5,CIL - Pratica Edilizia,Pratica edilizia tipo CIL presso Via dei Mille 87,SUE Comune Ideale,c_ideal,sportello+online,Proprietario o avente titolo,https://sue.comuneideale.it
6,CIL - Pratica Edilizia,Pratica edilizia tipo CIL presso Via Vittorio Emanuele 68,SUE Comune Ideale,c_ideal,sportello+online,Proprietario o avente titolo,https://sue.comuneideale.it
7,SCIA-Alternativa - Pratica Edilizia,Pratica edilizia tipo SCIA-Alternativa presso Via Garibaldi 142,SUE Comune Ideale,c_ideal,sportello+online,Proprietario o avente titolo,https://sue.comuneideale.it
8,CILA - Pratica Edilizia,Pratica edilizia tipo CILA presso Via Roma 59,SUE Comune Ideale,c_ideal,sportello+online,Proprietario o avente titolo,https://sue.comuneideale.it
9,CILA - Pratica Edilizia,Pratica edilizia tipo CILA presso Via Garibaldi 98,SUE Comune Ideale,c_ideal,sportello+online,Proprietario o avente titolo,https://sue.comuneideale.it
10,CILA - Pratica Edilizia,Pratica edilizia tipo CILA presso Via Cavour 69,SUE Comune Ideale,c_ideal,sportello+online,Proprietario o avente titolo,https://sue.comuneideale.it
11,SCIA - Pratica Edilizia,Pratica edilizia tipo SCIA presso Piazza San Marco 63,SUE Comune Ideale,c_ideal,sportello+online,Proprietario o avente titolo,https://sue.comuneideale.it
12,CIL - Pratica Edilizia,Pratica edilizia tipo CIL presso Via Cavour 143,SUE Comune Ideale,c_ideal,sportello+online,Proprietario o avente titolo,https://sue.comuneideale.it
13,CILA - Pratica Edilizia,Pratica edilizia tipo CILA presso Via dei Mille 15,SUE Comune Ideale,c_ideal,sportello+online,Proprietario o avente titolo,https://sue.comuneideale.it
14,CILA - Pratica Edilizia,Pratica edilizia tipo CILA presso Via Dante 103,SUE Comune Ideale,c_ideal,sportello+online,Proprietario o avente titolo,https://sue.comuneideale.it
15,CILA - Pratica Edilizia,Pratica edilizia tipo CILA presso Via Dante 55,SUE Comune Ideale,c_ideal,sportello+online,Proprietario o avente titolo,https://sue.comuneideale.it
16,CIL - Pratica Edilizia,Pratica edilizia tipo CIL presso Via Mazzini 64,SUE Comune Ideale,c_ideal,sportello+online,Proprietario o avente titolo,https://sue.comuneideale.it
17,SCIA - Pratica Edilizia,Pratica edilizia tipo SCIA presso Via XX Settembre 93,SUE Comune Ideale,c_ideal,sportello+online,Proprietario o avente titolo,https://sue.comuneideale.it
18,SCIA-Alternativa - Pratica Edilizia,Pratica edilizia tipo SCIA-Alternativa presso Via Mazzini 41,SUE Comune Ideale,c_ideal,sportello+online,Proprietario o avente titolo,https://sue.comuneideale.it
19,SCIA - Pratica Edilizia,Pratica edilizia tipo SCIA presso Via della Repubblica 65,SUE Comune Ideale,c_ideal,sportello+online,Proprietario o avente titolo,https://sue.comuneideale.it
20,CILA - Pratica Edilizia,Pratica edilizia tipo CILA presso Via dei Mille 69,SUE Comune Ideale,c_ideal,sportello+online,Proprietario o avente titolo,https://sue.comuneideale.it
21,SCIA - Pratica Edilizia,Pratica edilizia tipo SCIA presso Via Roma 68,SUE Comune Ideale,c_ideal,sportello+online,Proprietario o avente titolo,https://sue.comuneideale.it
22,PdC - Pratica Edilizia,Pratica edilizia tipo PdC presso Viale Europa 77,SUE Comune Ideale,c_ideal,sportello+online,Proprietario o avente titolo,https://sue.comuneideale.it
23,CILA - Pratica Edilizia,Pratica edilizia tipo CILA presso Via della Repubblica 136,SUE Comune Ideale,c_ideal,sportello+online,Proprietario o avente titolo,https://sue.comuneideale.it
24,CILA - Pratica Edilizia,Pratica edilizia tipo CILA presso Via San Francesco 79,SUE Comune Ideale,c_ideal,sportello+online,Proprietario o avente titolo,https://sue.comuneideale.it
25,CILA - Pratica Edilizia,Pratica edilizia tipo CILA presso Via Garibaldi 125,SUE Comune Ideale,c_ideal,sportello+online,Proprietario o avente titolo,https://sue.comuneideale.it
26,PdC - Pratica Edilizia,Pratica edilizia tipo PdC presso Via Mazzini 68,SUE Comune Ideale,c_ideal,sportello+online,Proprietario o avente titolo,https://sue.comuneideale.it
27,CIL - Pratica Edilizia,Pratica edilizia tipo CIL presso Via dei Mille 52,SUE Comune Ideale,c_ideal,sportello+online,Proprietario o avente titolo,https://sue.comuneideale.it
28,CIL - Pratica Edilizia,Pratica edilizia tipo CIL presso Via San Francesco 133,SUE Comune Ideale,c_ideal,sportello+online,Proprietario o avente titolo,https://sue.comuneideale.it
29,CILA - Pratica Edilizia,Pratica edilizia tipo CILA presso Via Vittorio Emanuele 142,SUE Comune Ideale,c_ideal,sportello+online,Proprietario o avente titolo,https://sue.comuneideale.it
30,CILA - Pratica Edilizia,Pratica edilizia tipo CILA presso Via Roma 59,SUE Comune Ideale,c_ideal,sportello+online,Proprietario o avente titolo,https://sue.comuneideale.it
31,CILA - Pratica Edilizia,Pratica edilizia tipo CILA presso Via Cavour 125,SUE Comune Ideale,c_ideal,sportello+online,Proprietario o avente titolo,https://sue.comuneideale.it
32,PdC - Pratica Edilizia,Pratica edilizia tipo PdC presso Via Vittorio Emanuele 148,SUE Comune Ideale,c_ideal,sportello+online,Proprietario o avente titolo,https://sue.comuneideale.it
33,SCIA-Alternativa - Pratica Edilizia,Pratica edilizia tipo SCIA-Alternativa presso Via XX Settembre 49,SUE Comune Ideale,c_ideal,sportello+online,Proprietario o avente titolo,https://sue.comuneideale.it
34,CIL - Pratica Edilizia,Pratica edilizia tipo CIL presso Viale Europa 14,SUE Comune Ideale,c_ideal,sportello+online,Proprietario o avente titolo,https://sue.comuneideale.it
35,SCIA - Pratica Edilizia,Pratica edilizia tipo SCIA presso Via dei Mille 28,SUE Comune Ideale,c_ideal,sportello+online,Proprietario o avente titolo,https://sue.comuneideale.it
36,CILA - Pratica Edilizia,Pratica edilizia tipo CILA presso Via Mazzini 72,SUE Comune Ideale,c_ideal,sportello+online,Proprietario o avente titolo,https://sue.comuneideale.it
37,SCIA - Pratica Edilizia,Pratica edilizia tipo SCIA presso Via Garibaldi 13,SUE Comune Ideale,c_ideal,sportello+online,Proprietario o avente titolo,https://sue.comuneideale.it
38,CILA - Pratica Edilizia,Pratica edilizia tipo CILA presso Viale Europa 61,SUE Comune Ideale,c_ideal,sportello+online,Proprietario o avente titolo,https://sue.comuneideale.it
39,SCIA-Alternativa - Pratica Edilizia,Pratica edilizia tipo SCIA-Alternativa presso Via San Francesco 16,SUE Comune Ideale,c_ideal,sportello+online,Proprietario o avente titolo,https://sue.comuneideale.it
40,CILA - Pratica Edilizia,Pratica edilizia tipo CILA presso Via Manzoni 109,SUE Comune Ideale,c_ideal,sportello+online,Proprietario o avente titolo,https://sue.comuneideale.it
41,SCIA-Alternativa - Pratica Edilizia,Pratica edilizia tipo SCIA-Alternativa presso Via Roma 149,SUE Comune Ideale,c_ideal,sportello+online,Proprietario o avente titolo,https://sue.comuneideale.it
42,CILA - Pratica Edilizia,Pratica edilizia tipo CILA presso Via Vittorio Emanuele 123,SUE Comune Ideale,c_ideal,sportello+online,Proprietario o avente titolo,https://sue.comuneideale.it
43,PdC - Pratica Edilizia,Pratica edilizia tipo PdC presso Via Garibaldi 48,SUE Comune Ideale,c_ideal,sportello+online,Proprietario o avente titolo,https://sue.comuneideale.it
44,SCIA - Pratica Edilizia,Pratica edilizia tipo SCIA presso Via XX Settembre 31,SUE Comune Ideale,c_ideal,sportello+online,Proprietario o avente titolo,https://sue.comuneideale.it
45,CILA - Pratica Edilizia,Pratica edilizia tipo CILA presso Via Vittorio Emanuele 134,SUE Comune Ideale,c_ideal,sportello+online,Proprietario o avente titolo,https://sue.comuneideale.it
46,CILA - Pratica Edilizia,Pratica edilizia tipo CILA presso Via Manzoni 102,SUE Comune Ideale,c_ideal,sportello+online,Proprietario o avente titolo,https://sue.comuneideale.it
47,SCIA - Pratica Edilizia,Pratica edilizia tipo SCIA presso Via Roma 118,SUE Comune Ideale,c_ideal,sportello+online,Proprietario o avente titolo,https://sue.comuneideale.it
48,SCIA - Pratica Edilizia,Pratica edilizia tipo SCIA presso Via Manzoni 34,SUE Comune Ideale,c_ideal,sportello+online,Proprietario o avente titolo,https://sue.comuneideale.it
49,CILA - Pratica Edilizia,Pratica edilizia tipo CILA presso Viale Europa 140,SUE Comune Ideale,c_ideal,sportello+online,Proprietario o avente titolo,https://sue.comuneideale.it
50,CILA - Pratica Edilizia,Pratica edilizia tipo CILA presso Via San Francesco 27,SUE Comune Ideale,c_ideal,sportello+online,Proprietario o avente titolo,https://sue.comuneideale.it
51,SCIA - Pratica Edilizia,Pratica edilizia tipo SCIA presso Via Manzoni 73,SUE Comune Ideale,c_ideal,sportello+online,Proprietario o avente titolo,https://sue.comuneideale.it
52,CILA - Pratica Edilizia,Pratica edilizia tipo CILA presso Via della Repubblica 126,SUE Comune Ideale,c_ideal,sportello+online,Proprietario o avente titolo,https://sue.comuneideale.it
53,CILA - Pratica Edilizia,Pratica edilizia tipo CILA presso Via Roma 1,SUE Comune Ideale,c_ideal,sportello+online,Proprietario o avente titolo,https://sue.comuneideale.it
54,PdC - Pratica Edilizia,Pratica edilizia tipo PdC presso Via Mazzini 114,SUE Comune Ideale,c_ideal,sportello+online,Proprietario o avente titolo,https://sue.comuneideale.it
55,CIL - Pratica Edilizia,Pratica edilizia tipo CIL presso Via San Francesco 39,SUE Comune Ideale,c_ideal,sportello+online,Proprietario o avente titolo,https://sue.comuneideale.it
56,CILA - Pratica Edilizia,Pratica edilizia tipo CILA presso Via Mazzini 11,SUE Comune Ideale,c_ideal,sportello+online,Proprietario o avente titolo,https://sue.comuneideale.it
57,CILA - Pratica Edilizia,Pratica edilizia tipo CILA presso Via Cavour 27,SUE Comune Ideale,c_ideal,sportello+online,Proprietario o avente titolo,https://sue.comuneideale.it
58,CIL - Pratica Edilizia,Pratica edilizia tipo CIL presso Viale Europa 42,SUE Comune Ideale,c_ideal,sportello+online,Proprietario o avente titolo,https://sue.comuneideale.it
59,CILA - Pratica Edilizia,Pratica edilizia tipo CILA presso Via dei Mille 106,SUE Comune Ideale,c_ideal,sportello+online,Proprietario o avente titolo,https://sue.comuneideale.it
60,CILA - Pratica Edilizia,Pratica edilizia tipo CILA presso Via XX Settembre 10,SUE Comune Ideale,c_ideal,sportello+online,Proprietario o avente titolo,https://sue.comuneideale.it
61,CILA - Pratica Edilizia,Pratica edilizia tipo CILA presso Via San Francesco 118,SUE Comune Ideale,c_ideal,sportello+online,Proprietario o avente titolo,https://sue.comuneideale.it
62,CILA - Pratica Edilizia,Pratica edilizia tipo CILA presso Via XX Settembre 85,SUE Comune Ideale,c_ideal,sportello+online,Proprietario o avente titolo,https://sue.comuneideale.it
63,SCIA - Pratica Edilizia,Pratica edilizia tipo SCIA presso Via Manzoni 90,SUE Comune Ideale,c_ideal,sportello+online,Proprietario o avente titolo,https://sue.comuneideale.it
64,CIL - Pratica Edilizia,Pratica edilizia tipo CIL presso Via della Repubblica 85,SUE Comune Ideale,c_ideal,sportello+online,Proprietario o avente titolo,https://sue.comuneideale.it
65,SCIA - Pratica Edilizia,Pratica edilizia tipo SCIA presso Via Roma 28,SUE Comune Ideale,c_ideal,sportello+online,Proprietario o avente titolo,https://sue.comuneideale.it
66,CILA - Pratica Edilizia,Pratica edilizia tipo CILA presso Via Vittorio Emanuele 131,SUE Comune Ideale,c_ideal,sportello+online,Proprietario o avente titolo,https://sue.comuneideale.it
67,CILA - Pratica Edilizia,Pratica edilizia tipo CILA presso Via Roma 134,SUE Comune Ideale,c_ideal,sportello+online,Proprietario o avente titolo,https://sue.comuneideale.it
68,CILA - Pratica Edilizia,Pratica edilizia tipo CILA presso Via Vittorio Emanuele 81,SUE Comune Ideale,c_ideal,sportello+online,Proprietario o avente titolo,https://sue.comuneideale.it
69,SCIA - Pratica Edilizia,Pratica edilizia tipo SCIA presso Via della Repubblica 80,SUE Comune Ideale,c_ideal,sportello+online,Proprietario o avente titolo,https://sue.comuneideale.it
70,CILA - Pratica Edilizia,Pratica edilizia tipo CILA presso Via Mazzini 50,SUE Comune Ideale,c_ideal,sportello+online,Proprietario o avente titolo,https://sue.comuneideale.it
71,CIL - Pratica Edilizia,Pratica edilizia tipo CIL presso Via Vittorio Emanuele 146,SUE Comune Ideale,c_ideal,sportello+online,Proprietario o avente titolo,https://sue.comuneideale.it
72,CILA - Pratica Edilizia,Pratica edilizia tipo CILA presso Via dei Mille 149,SUE Comune Ideale,c_ideal,sportello+online,Proprietario o avente titolo,https://sue.comuneideale.it
73,CILA - Pratica Edilizia,Pratica edilizia tipo CILA presso Via della Repubblica 122,SUE Comune Ideale,c_ideal,sportello+online,Proprietario o avente titolo,https://sue.comuneideale.it
74,SCIA - Pratica Edilizia,Pratica edilizia tipo SCIA presso Via Vittorio Emanuele 86,SUE Comune Ideale,c_ideal,sportello+online,Proprietario o avente titolo,https://sue.comuneideale.it
75,CILA - Pratica Edilizia,Pratica edilizia tipo CILA presso Via Mazzini 7,SUE Comune Ideale,c_ideal,sportello+online,Proprietario o avente titolo,https://sue.comuneideale.it
76,SCIA-Alternativa - Pratica Edilizia,Pratica edilizia tipo SCIA-Alternativa presso Corso Italia 107,SUE Comune Ideale,c_ideal,sportello+online,Proprietario o avente titolo,https://sue.comuneideale.it
77,CILA - Pratica Edilizia,Pratica edilizia tipo CILA presso Via XX Settembre 63,SUE Comune Ideale,c_ideal,sportello+online,Proprietario o avente titolo,https://sue.comuneideale.it
78,CILA - Pratica Edilizia,Pratica edilizia tipo CILA presso Viale Europa 28,SUE Comune Ideale,c_ideal,sportello+online,Proprietario o avente titolo,https://sue.comuneideale.it
79,PdC - Pratica Edilizia,Pratica edilizia tipo PdC presso Piazza San Marco 133,SUE Comune Ideale,c_ideal,sportello+online,Proprietario o avente titolo,https://sue.comuneideale.it
80,CILA - Pratica Edilizia,Pratica edilizia tipo CILA presso Via Garibaldi 117,SUE Comune Ideale,c_ideal,sportello+online,Proprietario o avente titolo,https://sue.comuneideale.it
81,SCIA-Alternativa - Pratica Edilizia,Pratica edilizia tipo SCIA-Alternativa presso Via Vittorio Emanuele 82,SUE Comune Ideale,c_ideal,sportello+online,Proprietario o avente titolo,https://sue.comuneideale.it
82,CIL - Pratica Edilizia,Pratica edilizia tipo CIL presso Via San Francesco 141,SUE Comune Ideale,c_ideal,sportello+online,Proprietario o avente titolo,https://sue.comuneideale.it
83,SCIA-Alternativa - Pratica Edilizia,Pratica edilizia tipo SCIA-Alternativa presso Viale Europa 71,SUE Comune Ideale,c_ideal,sportello+online,Proprietario o avente titolo,https://sue.comuneideale.it
84,CILA - Pratica Edilizia,Pratica edilizia tipo CILA presso Via Verdi 70,SUE Comune Ideale,c_ideal,sportello+online,Proprietario o avente titolo,https://sue.comuneideale.it
85,SCIA - Pratica Edilizia,Pratica edilizia tipo SCIA presso Piazza San Marco 40,SUE Comune Ideale,c_ideal,sportello+online,Proprietario o avente titolo,https://sue.comuneideale.it
86,SCIA - Pratica Edilizia,Pratica edilizia tipo SCIA presso Corso Italia 107,SUE Comune Ideale,c_ideal,sportello+online,Proprietario o avente titolo,https://sue.comuneideale.it
87,CIL - Pratica Edilizia,Pratica edilizia tipo CIL presso Via Vittorio Emanuele 6,SUE Comune Ideale,c_ideal,sportello+online,Proprietario o avente titolo,https://sue.comuneideale.it
88,SCIA-Alternativa - Pratica Edilizia,Pratica edilizia tipo SCIA-Alternativa presso Via Manzoni 100,SUE Comune Ideale,c_ideal,sportello+online,Proprietario o avente titolo,https://sue.comuneideale.it
89,CILA - Pratica Edilizia,Pratica edilizia tipo CILA presso Corso Italia 8,SUE Comune Ideale,c_ideal,sportello+online,Proprietario o avente titolo,https://sue.comuneideale.it
90,CIL - Pratica Edilizia,Pratica edilizia tipo CIL presso Via San Francesco 33,SUE Comune Ideale,c_ideal,sportello+online,Proprietario o avente titolo,https://sue.comuneideale.it
91,CILA - Pratica Edilizia,Pratica edilizia tipo CILA presso Via Garibaldi 110,SUE Comune Ideale,c_ideal,sportello+online,Proprietario o avente titolo,https://sue.comuneideale.it
92,SCIA-Alternativa - Pratica Edilizia,Pratica edilizia tipo SCIA-Alternativa presso Via Dante 55,SUE Comune Ideale,c_ideal,sportello+online,Proprietario o avente titolo,https://sue.comuneideale.it
93,CILA - Pratica Edilizia,Pratica edilizia tipo CILA presso Via San Francesco 98,SUE Comune Ideale,c_ideal,sportello+online,Proprietario o avente titolo,https://sue.comuneideale.it
94,CIL - Pratica Edilizia,Pratica edilizia tipo CIL presso Via Roma 139,SUE Comune Ideale,c_ideal,sportello+online,Proprietario o avente titolo,https://sue.comuneideale.it
95,CILA - Pratica Edilizia,Pratica edilizia tipo CILA presso Via dei Mille 8,SUE Comune Ideale,c_ideal,sportello+online,Proprietario o avente titolo,https://sue.comuneideale.it
96,CILA - Pratica Edilizia,Pratica edilizia tipo CILA presso Corso Italia 30,SUE Comune Ideale,c_ideal,sportello+online,Proprietario o avente titolo,https://sue.comuneideale.it
97,SCIA-Alternativa - Pratica Edilizia,Pratica edilizia tipo SCIA-Alternativa presso Via Mazzini 30,SUE Comune Ideale,c_ideal,sportello+online,Proprietario o avente titolo,https://sue.comuneideale.it
98,SCIA - Pratica Edilizia,Pratica edilizia tipo SCIA presso Via Vittorio Emanuele 97,SUE Comune Ideale,c_ideal,sportello+online,Proprietario o avente titolo,https://sue.comuneideale.it
99,CILA - Pratica Edilizia,Pratica edilizia tipo CILA presso Via Verdi 27,SUE Comune Ideale,c_ideal,sportello+online,Proprietario o avente titolo,https://sue.comuneideale.it
100,SCIA - Pratica Edilizia,Pratica edilizia tipo SCIA presso Via Cavour 31,SUE Comune Ideale,c_ideal,sportello+online,Proprietario o avente titolo,https://sue.comuneideale.it
101,CILA - Pratica Edilizia,Pratica edilizia tipo CILA presso Via Garibaldi 130,SUE Comune Ideale,c_ideal,sportello+online,Proprietario o avente titolo,https://sue.comuneideale.it
102,CILA - Pratica Edilizia,Pratica edilizia tipo CILA presso Via XX Settembre 126,SUE Comune Ideale,c_ideal,sportello+online,Proprietario o avente titolo,https://sue.comuneideale.it
103,CILA - Pratica Edilizia,Pratica edilizia tipo CILA presso Corso Italia 40,SUE Comune Ideale,c_ideal,sportello+online,Proprietario o avente titolo,https://sue.comuneideale.it
104,SCIA - Pratica Edilizia,Pratica edilizia tipo SCIA presso Via dei Mille 124,SUE Comune Ideale,c_ideal,sportello+online,Proprietario o avente titolo,https://sue.comuneideale.it
105,SCIA - Pratica Edilizia,Pratica edilizia tipo SCIA presso Viale Europa 23,SUE Comune Ideale,c_ideal,sportello+online,Proprietario o avente titolo,https://sue.comuneideale.it
106,CILA - Pratica Edilizia,Pratica edilizia tipo CILA presso Corso Italia 146,SUE Comune Ideale,c_ideal,sportello+online,Proprietario o avente titolo,https://sue.comuneideale.it
107,CIL - Pratica Edilizia,Pratica edilizia tipo CIL presso Via Mazzini 125,SUE Comune Ideale,c_ideal,sportello+online,Proprietario o avente titolo,https://sue.comuneideale.it
108,SCIA - Pratica Edilizia,Pratica edilizia tipo SCIA presso Piazza San Marco 71,SUE Comune Ideale,c_ideal,sportello+online,Proprietario o avente titolo,https://sue.comuneideale.it
109,CILA - Pratica Edilizia,Pratica edilizia tipo CILA presso Corso Italia 143,SUE Comune Ideale,c_ideal,sportello+online,Proprietario o avente titolo,https://sue.comuneideale.it
110,SCIA-Alternativa - Pratica Edilizia,Pratica edilizia tipo SCIA-Alternativa presso Via dei Mille 5,SUE Comune Ideale,c_ideal,sportello+online,Proprietario o avente titolo,https://sue.comuneideale.it
111,CILA - Pratica Edilizia,Pratica edilizia tipo CILA presso Via Cavour 149,SUE Comune Ideale,c_ideal,sportello+online,Proprietario o avente titolo,https://sue.comuneideale.it
112,CILA - Pratica Edilizia,Pratica edilizia tipo CILA presso Via della Repubblica 85,SUE Comune Ideale,c_ideal,sportello+online,Proprietario o avente titolo,https://sue.comuneideale.it
113,SCIA-Alternativa - Pratica Edilizia,Pratica edilizia tipo SCIA-Alternativa presso Via Garibaldi 50,SUE Comune Ideale,c_ideal,sportello+online,Proprietario o avente titolo,https://sue.comuneideale.it
114,PdC - Pratica Edilizia,Pratica edilizia tipo PdC presso Via Manzoni 135,SUE Comune Ideale,c_ideal,sportello+online,Proprietario o avente titolo,https://sue.comuneideale.it
115,SCIA - Pratica Edilizia,Pratica edilizia tipo SCIA presso Via Verdi 76,SUE Comune Ideale,c_ideal,sportello+online,Proprietario o avente titolo,https://sue.comuneideale.it
116,PdC - Pratica Edilizia,Pratica edilizia tipo PdC presso Via Mazzini 71,SUE Comune Ideale,c_ideal,sportello+online,Proprietario o avente titolo,https://sue.comuneideale.it
117,SCIA - Pratica Edilizia,Pratica edilizia tipo SCIA presso Via Cavour 126,SUE Comune Ideale,c_ideal,sportello+online,Proprietario o avente titolo,https://sue.comuneideale.it
118,CILA - Pratica Edilizia,Pratica edilizia tipo CILA presso Corso Italia 88,SUE Comune Ideale,c_ideal,sportello+online,Proprietario o avente titolo,https://sue.comuneideale.it
119,SCIA - Pratica Edilizia,Pratica edilizia tipo SCIA presso Corso Italia 30,SUE Comune Ideale,c_ideal,sportello+online,Proprietario o avente titolo,https://sue.comuneideale.it
120,SCIA-Alternativa - Pratica Edilizia,Pratica edilizia tipo SCIA-Alternativa presso Via Mazzini 39,SUE Comune Ideale,c_ideal,sportello+online,Proprietario o avente titolo,https://sue.comuneideale.it
121,SCIA - Pratica Edilizia,Pratica edilizia tipo SCIA presso Via Vittorio Emanuele 58,SUE Comune Ideale,c_ideal,sportello+online,Proprietario o avente titolo,https://sue.comuneideale.it
122,SCIA-Alternativa - Pratica Edilizia,Pratica edilizia tipo SCIA-Alternativa presso Via XX Settembre 79,SUE Comune Ideale,c_ideal,sportello+online,Proprietario o avente titolo,https://sue.comuneideale.it
123,CILA - Pratica Edilizia,Pratica edilizia tipo CILA presso Via Garibaldi 54,SUE Comune Ideale,c_ideal,sportello+online,Proprietario o avente titolo,https://sue.comuneideale.it
124,SCIA - Pratica Edilizia,Pratica edilizia tipo SCIA presso Via Mazzini 142,SUE Comune Ideale,c_ideal,sportello+online,Proprietario o avente titolo,https://sue.comuneideale.it
125,CILA - Pratica Edilizia,Pratica edilizia tipo CILA presso Corso Italia 75,SUE Comune Ideale,c_ideal,sportello+online,Proprietario o avente titolo,https://sue.comuneideale.it
126,SCIA - Pratica Edilizia,Pratica edilizia tipo SCIA presso Via Garibaldi 60,SUE Comune Ideale,c_ideal,sportello+online,Proprietario o avente titolo,https://sue.comuneideale.it
127,CILA - Pratica Edilizia,Pratica edilizia tipo CILA presso Via Cavour 39,SUE Comune Ideale,c_ideal,sportello+online,Proprietario o avente titolo,https://sue.comuneideale.it
128,PdC - Pratica Edilizia,Pratica edilizia tipo PdC presso Via Vittorio Emanuele 146,SUE Comune Ideale,c_ideal,sportello+online,Proprietario o avente titolo,https://sue.comuneideale.it
129,SCIA - Pratica Edilizia,Pratica edilizia tipo SCIA presso Via Manzoni 129,SUE Comune Ideale,c_ideal,sportello+online,Proprietario o avente titolo,https://sue.comuneideale.it
130,SCIA-Alternativa - Pratica Edilizia,Pratica edilizia tipo SCIA-Alternativa presso Piazza San Marco 83,SUE Comune Ideale,c_ideal,sportello+online,Proprietario o avente titolo,https://sue.comuneideale.it
131,CILA - Pratica Edilizia,Pratica edilizia tipo CILA presso Via Vittorio Emanuele 6,SUE Comune Ideale,c_ideal,sportello+online,Proprietario o avente titolo,https://sue.comuneideale.it
132,SCIA - Pratica Edilizia,Pratica edilizia tipo SCIA presso Corso Italia 133,SUE Comune Ideale,c_ideal,sportello+online,Proprietario o avente titolo,https://sue.comuneideale.it
133,SCIA - Pratica Edilizia,Pratica edilizia tipo SCIA presso Via XX Settembre 126,SUE Comune Ideale,c_ideal,sportello+online,Proprietario o avente titolo,https://sue.comuneideale.it
134,CILA - Pratica Edilizia,Pratica edilizia tipo CILA presso Viale Europa 42,SUE Comune Ideale,c_ideal,sportello+online,Proprietario o avente titolo,https://sue.comuneideale.it
135,SCIA-Alternativa - Pratica Edilizia,Pratica edilizia tipo SCIA-Alternativa presso Viale Europa 141,SUE Comune Ideale,c_ideal,sportello+online,Proprietario o avente titolo,https://sue.comuneideale.it
136,SCIA - Pratica Edilizia,Pratica edilizia tipo SCIA presso Via dei Mille 104,SUE Comune Ideale,c_ideal,sportello+online,Proprietario o avente titolo,https://sue.comuneideale.it
137,CILA - Pratica Edilizia,Pratica edilizia tipo CILA presso Corso Italia 106,SUE Comune Ideale,c_ideal,sportello+online,Proprietario o avente titolo,https://sue.comuneideale.it
138,CILA - Pratica Edilizia,Pratica edilizia tipo CILA presso Corso Italia 14,SUE Comune Ideale,c_ideal,sportello+online,Proprietario o avente titolo,https://sue.comuneideale.it
139,PdC - Pratica Edilizia,Pratica edilizia tipo PdC presso Via Garibaldi 8,SUE Comune Ideale,c_ideal,sportello+online,Proprietario o avente titolo,https://sue.comuneideale.it
140,CILA - Pratica Edilizia,Pratica edilizia tipo CILA presso Via Roma 142,SUE Comune Ideale,c_ideal,sportello+online,Proprietario o avente titolo,https://sue.comuneideale.it
141,CILA - Pratica Edilizia,Pratica edilizia tipo CILA presso Via San Francesco 30,SUE Comune Ideale,c_ideal,sportello+online,Proprietario o avente titolo,https://sue.comuneideale.it
142,PdC - Pratica Edilizia,Pratica edilizia tipo PdC presso Via Manzoni 131,SUE Comune Ideale,c_ideal,sportello+online,Proprietario o avente titolo,https://sue.comuneideale.it
143,CIL - Pratica Edilizia,Pratica edilizia tipo CIL presso Corso Italia 121,SUE Comune Ideale,c_ideal,sportello+online,Proprietario o avente titolo,https://sue.comuneideale.it
144,PdC - Pratica Edilizia,Pratica edilizia tipo PdC presso Via della Repubblica 35,SUE Comune Ideale,c_ideal,sportello+online,Proprietario o avente titolo,https://sue.comuneideale.it
145,CIL - Pratica Edilizia,Pratica edilizia tipo CIL presso Via della Repubblica 69,SUE Comune Ideale,c_ideal,sportello+online,Proprietario o avente titolo,https://sue.comuneideale.it
146,SCIA - Pratica Edilizia,Pratica edilizia tipo SCIA presso Via Vittorio Emanuele 149,SUE Comune Ideale,c_ideal,sportello+online,Proprietario o avente titolo,https://sue.comuneideale.it
147,PdC - Pratica Edilizia,Pratica edilizia tipo PdC presso Via Dante 142,SUE Comune Ideale,c_ideal,sportello+online,Proprietario o avente titolo,https://sue.comuneideale.it
148,SCIA-Alternativa - Pratica Edilizia,Pratica edilizia tipo SCIA-Alternativa presso Piazza San Marco 62,SUE Comune Ideale,c_ideal,sportello+online,Proprietario o avente titolo,https://sue.comuneideale.it
149,CIL - Pratica Edilizia,Pratica edilizia tipo CIL presso Piazza San Marco 98,SUE Comune Ideale,c_ideal,sportello+online,Proprietario o avente titolo,https://sue.comuneideale.it
150,PdC - Pratica Edilizia,Pratica edilizia tipo PdC presso Via Mazzini 129,SUE Comune Ideale,c_ideal,sportello+online,Proprietario o avente titolo,https://sue.comuneideale.it
151,SCIA - Pratica Edilizia,Pratica edilizia tipo SCIA presso Viale Europa 113,SUE Comune Ideale,c_ideal,sportello+online,Proprietario o avente titolo,https://sue.comuneideale.it
152,SCIA-Alternativa - Pratica Edilizia,Pratica edilizia tipo SCIA-Alternativa presso Viale Europa 40,SUE Comune Ideale,c_ideal,sportello+online,Proprietario o avente titolo,https://sue.comuneideale.it
153,SCIA - Pratica Edilizia,Pratica edilizia tipo SCIA presso Via Cavour 21,SUE Comune Ideale,c_ideal,sportello+online,Proprietario o avente titolo,https://sue.comuneideale.it
154,CIL - Pratica Edilizia,Pratica edilizia tipo CIL presso Viale Europa 139,SUE Comune Ideale,c_ideal,sportello+online,Proprietario o avente titolo,https://sue.comuneideale.it
155,SCIA - Pratica Edilizia,Pratica edilizia tipo SCIA presso Via Verdi 24,SUE Comune Ideale,c_ideal,sportello+online,Proprietario o avente titolo,https://sue.comuneideale.it
156,SCIA - Pratica Edilizia,Pratica edilizia tipo SCIA presso Via San Francesco 8,SUE Comune Ideale,c_ideal,sportello+online,Proprietario o avente titolo,https://sue.comuneideale.it
157,CILA - Pratica Edilizia,Pratica edilizia tipo CILA presso Via Mazzini 63,SUE Comune Ideale,c_ideal,sportello+online,Proprietario o avente titolo,https://sue.comuneideale.it
158,PdC - Pratica Edilizia,Pratica edilizia tipo PdC presso Viale Europa 98,SUE Comune Ideale,c_ideal,sportello+online,Proprietario o avente titolo,https://sue.comuneideale.it
159,CILA - Pratica Edilizia,Pratica edilizia tipo CILA presso Via Mazzini 60,SUE Comune Ideale,c_ideal,sportello+online,Proprietario o avente titolo,https://sue.comuneideale.it
160,SCIA - Pratica Edilizia,Pratica edilizia tipo SCIA presso Via San Francesco 120,SUE Comune Ideale,c_ideal,sportello+online,Proprietario o avente titolo,https://sue.comuneideale.it
161,PdC - Pratica Edilizia,Pratica edilizia tipo PdC presso Via Vittorio Emanuele 77,SUE Comune Ideale,c_ideal,sportello+online,Proprietario o avente titolo,https://sue.comuneideale.it
162,SCIA - Pratica Edilizia,Pratica edilizia tipo SCIA presso Via XX Settembre 124,SUE Comune Ideale,c_ideal,sportello+online,Proprietario o avente titolo,https://sue.comuneideale.it
163,CIL - Pratica Edilizia,Pratica edilizia tipo CIL presso Piazza San Marco 76,SUE Comune Ideale,c_ideal,sportello+online,Proprietario o avente titolo,https://sue.comuneideale.it
164,CIL - Pratica Edilizia,Pratica edilizia tipo CIL presso Via San Francesco 128,SUE Comune Ideale,c_ideal,sportello+online,Proprietario o avente titolo,https://sue.comuneideale.it
165,CILA - Pratica Edilizia,Pratica edilizia tipo CILA presso Via Cavour 49,SUE Comune Ideale,c_ideal,sportello+online,Proprietario o avente titolo,https://sue.comuneideale.it
166,PdC - Pratica Edilizia,Pratica edilizia tipo PdC presso Via Cavour 11,SUE Comune Ideale,c_ideal,sportello+online,Proprietario o avente titolo,https://sue.comuneideale.it
167,SCIA-Alternativa - Pratica Edilizia,Pratica edilizia tipo SCIA-Alternativa presso Via Garibaldi 76,SUE Comune Ideale,c_ideal,sportello+online,Proprietario o avente titolo,https://sue.comuneideale.it
168,CIL - Pratica Edilizia,Pratica edilizia tipo CIL presso Via San Francesco 94,SUE Comune Ideale,c_ideal,sportello+online,Proprietario o avente titolo,https://sue.comuneideale.it
169,SCIA - Pratica Edilizia,Pratica edilizia tipo SCIA presso Via Mazzini 66,SUE Comune Ideale,c_ideal,sportello+online,Proprietario o avente titolo,https://sue.comuneideale.it
170,SCIA - Pratica Edilizia,Pratica edilizia tipo SCIA presso Via dei Mille 30,SUE Comune Ideale,c_ideal,sportello+online,Proprietario o avente titolo,https://sue.comuneideale.it
171,PdC - Pratica Edilizia,Pratica edilizia tipo PdC presso Via Verdi 102,SUE Comune Ideale,c_ideal,sportello+online,Proprietario o avente titolo,https://sue.comuneideale.it
172,SCIA - Pratica Edilizia,Pratica edilizia tipo SCIA presso Via XX Settembre 4,SUE Comune Ideale,c_ideal,sportello+online,Proprietario o avente titolo,https://sue.comuneideale.it
173,SCIA - Pratica Edilizia,Pratica edilizia tipo SCIA presso Via Vittorio Emanuele 98,SUE Comune Ideale,c_ideal,sportello+online,Proprietario o avente titolo,https://sue.comuneideale.it
174,SCIA - Pratica Edilizia,Pratica edilizia tipo SCIA presso Via Vittorio Emanuele 144,SUE Comune Ideale,c_ideal,sportello+online,Proprietario o avente titolo,https://sue.comuneideale.it
175,CILA - Pratica Edilizia,Pratica edilizia tipo CILA presso Via San Francesco 78,SUE Comune Ideale,c_ideal,sportello+online,Proprietario o avente titolo,https://sue.comuneideale.it
176,SCIA - Pratica Edilizia,Pratica edilizia tipo SCIA presso Via Manzoni 127,SUE Comune Ideale,c_ideal,sportello+online,Proprietario o avente titolo,https://sue.comuneideale.it
177,CILA - Pratica Edilizia,Pratica edilizia tipo CILA presso Via Dante 139,SUE Comune Ideale,c_ideal,sportello+online,Proprietario o avente titolo,https://sue.comuneideale.it
178,PdC - Pratica Edilizia,Pratica edilizia tipo PdC presso Via Vittorio Emanuele 105,SUE Comune Ideale,c_ideal,sportello+online,Proprietario o avente titolo,https://sue.comuneideale.it
179,CILA - Pratica Edilizia,Pratica edilizia tipo CILA presso Viale Europa 93,SUE Comune Ideale,c_ideal,sportello+online,Proprietario o avente titolo,https://sue.comuneideale.it
180,CILA - Pratica Edilizia,Pratica edilizia tipo CILA presso Via Cavour 92,SUE Comune Ideale,c_ideal,sportello+online,Proprietario o avente titolo,https://sue.comuneideale.it
181,SCIA - Pratica Edilizia,Pratica edilizia tipo SCIA presso Viale Europa 117,SUE Comune Ideale,c_ideal,sportello+online,Proprietario o avente titolo,https://sue.comuneideale.it
182,CILA - Pratica Edilizia,Pratica edilizia tipo CILA presso Via Roma 86,SUE Comune Ideale,c_ideal,sportello+online,Proprietario o avente titolo,https://sue.comuneideale.it
183,CILA - Pratica Edilizia,Pratica edilizia tipo CILA presso Via Verdi 56,SUE Comune Ideale,c_ideal,sportello+online,Proprietario o avente titolo,https://sue.comuneideale.it
184,PdC - Pratica Edilizia,Pratica edilizia tipo PdC presso Via San Francesco 1,SUE Comune Ideale,c_ideal,sportello+online,Proprietario o avente titolo,https://sue.comuneideale.it
185,PdC - Pratica Edilizia,Pratica edilizia tipo PdC presso Via Garibaldi 7,SUE Comune Ideale,c_ideal,sportello+online,Proprietario o avente titolo,https://sue.comuneideale.it
186,CILA - Pratica Edilizia,Pratica edilizia tipo CILA presso Via dei Mille 61,SUE Comune Ideale,c_ideal,sportello+online,Proprietario o avente titolo,https://sue.comuneideale.it
187,CILA - Pratica Edilizia,Pratica edilizia tipo CILA presso Piazza San Marco 108,SUE Comune Ideale,c_ideal,sportello+online,Proprietario o avente titolo,https://sue.comuneideale.it
188,SCIA - Pratica Edilizia,Pratica edilizia tipo SCIA presso Via della Repubblica 28,SUE Comune Ideale,c_ideal,sportello+online,Proprietario o avente titolo,https://sue.comuneideale.it
189,CILA - Pratica Edilizia,Pratica edilizia tipo CILA presso Via Manzoni 118,SUE Comune Ideale,c_ideal,sportello+online,Proprietario o avente titolo,https://sue.comuneideale.it
190,CILA - Pratica Edilizia,Pratica edilizia tipo CILA presso Via Cavour 28,SUE Comune Ideale,c_ideal,sportello+online,Proprietario o avente titolo,https://sue.comuneideale.it
191,SCIA-Alternativa - Pratica Edilizia,Pratica edilizia tipo SCIA-Alternativa presso Via Dante 38,SUE Comune Ideale,c_ideal,sportello+online,Proprietario o avente titolo,https://sue.comuneideale.it
192,SCIA - Pratica Edilizia,Pratica edilizia tipo SCIA presso Piazza San Marco 84,SUE Comune Ideale,c_ideal,sportello+online,Proprietario o avente titolo,https://sue.comuneideale.it
193,SCIA - Pratica Edilizia,Pratica edilizia tipo SCIA presso Via Garibaldi 30,SUE Comune Ideale,c_ideal,sportello+online,Proprietario o avente titolo,https://sue.comuneideale.it
194,CILA - Pratica Edilizia,Pratica edilizia tipo CILA presso Via XX Settembre 87,SUE Comune Ideale,c_ideal,sportello+online,Proprietario o avente titolo,https://sue.comuneideale.it
195,CIL - Pratica Edilizia,Pratica edilizia tipo CIL presso Via Dante 66,SUE Comune Ideale,c_ideal,sportello+online,Proprietario o avente titolo,https://sue.comuneideale.it
196,SCIA-Alternativa - Pratica Edilizia,Pratica edilizia tipo SCIA-Alternativa presso Via Garibaldi 111,SUE Comune Ideale,c_ideal,sportello+online,Proprietario o avente titolo,https://sue.comuneideale.it
197,CILA - Pratica Edilizia,Pratica edilizia tipo CILA presso Via Mazzini 143,SUE Comune Ideale,c_ideal,sportello+online,Proprietario o avente titolo,https://sue.comuneideale.it
198,CILA - Pratica Edilizia,Pratica edilizia tipo CILA presso Viale Europa 109,SUE Comune Ideale,c_ideal,sportello+online,Proprietario o avente titolo,https://sue.comuneideale.it
199,SCIA - Pratica Edilizia,Pratica edilizia tipo SCIA presso Via Vittorio Emanuele 130,SUE Comune Ideale,c_ideal,sportello+online,Proprietario o avente titolo,https://sue.comuneideale.it
200,SCIA-Alternativa - Pratica Edilizia,Pratica edilizia tipo SCIA-Alternativa presso Viale Europa 143,SUE Comune Ideale,c_ideal,sportello+online,Proprietario o avente titolo,https://sue.comuneideale.it
201,SCIA - Pratica Edilizia,Pratica edilizia tipo SCIA presso Viale Europa 144,SUE Comune Ideale,c_ideal,sportello+online,Proprietario o avente titolo,https://sue.comuneideale.it
202,CILA - Pratica Edilizia,Pratica edilizia tipo CILA presso Viale Europa 69,SUE Comune Ideale,c_ideal,sportello+online,Proprietario o avente titolo,https://sue.comuneideale.it
203,SCIA - Pratica Edilizia,Pratica edilizia tipo SCIA presso Via Dante 2,SUE Comune Ideale,c_ideal,sportello+online,Proprietario o avente titolo,https://sue.comuneideale.it
204,PdC - Pratica Edilizia,Pratica edilizia tipo PdC presso Via Mazzini 8,SUE Comune Ideale,c_ideal,sportello+online,Proprietario o avente titolo,https://sue.comuneideale.it
205,CILA - Pratica Edilizia,Pratica edilizia tipo CILA presso Via Mazzini 95,SUE Comune Ideale,c_ideal,sportello+online,Proprietario o avente titolo,https://sue.comuneideale.it
206,CILA - Pratica Edilizia,Pratica edilizia tipo CILA presso Via Vittorio Emanuele 22,SUE Comune Ideale,c_ideal,sportello+online,Proprietario o avente titolo,https://sue.comuneideale.it
207,PdC - Pratica Edilizia,Pratica edilizia tipo PdC presso Via Vittorio Emanuele 13,SUE Comune Ideale,c_ideal,sportello+online,Proprietario o avente titolo,https://sue.comuneideale.it
208,SCIA - Pratica Edilizia,Pratica edilizia tipo SCIA presso Via Vittorio Emanuele 114,SUE Comune Ideale,c_ideal,sportello+online,Proprietario o avente titolo,https://sue.comuneideale.it
209,CILA - Pratica Edilizia,Pratica edilizia tipo CILA presso Via della Repubblica 30,SUE Comune Ideale,c_ideal,sportello+online,Proprietario o avente titolo,https://sue.comuneideale.it
210,SCIA - Pratica Edilizia,Pratica edilizia tipo SCIA presso Corso Italia 135,SUE Comune Ideale,c_ideal,sportello+online,Proprietario o avente titolo,https://sue.comuneideale.it
211,CILA - Pratica Edilizia,Pratica edilizia tipo CILA presso Via Roma 2,SUE Comune Ideale,c_ideal,sportello+online,Proprietario o avente titolo,https://sue.comuneideale.it
212,CILA - Pratica Edilizia,Pratica edilizia tipo CILA presso Via Mazzini 66,SUE Comune Ideale,c_ideal,sportello+online,Proprietario o avente titolo,https://sue.comuneideale.it
213,SCIA - Pratica Edilizia,Pratica edilizia tipo SCIA presso Via Mazzini 34,SUE Comune Ideale,c_ideal,sportello+online,Proprietario o avente titolo,https://sue.comuneideale.it
214,CILA - Pratica Edilizia,Pratica edilizia tipo CILA presso Via Garibaldi 102,SUE Comune Ideale,c_ideal,sportello+online,Proprietario o avente titolo,https://sue.comuneideale.it
215,CIL - Pratica Edilizia,Pratica edilizia tipo CIL presso Viale Europa 81,SUE Comune Ideale,c_ideal,sportello+online,Proprietario o avente titolo,https://sue.comuneideale.it
216,CIL - Pratica Edilizia,Pratica edilizia tipo CIL presso Via Garibaldi 104,SUE Comune Ideale,c_ideal,sportello+online,Proprietario o avente titolo,https://sue.comuneideale.it
217,PdC - Pratica Edilizia,Pratica edilizia tipo PdC presso Via Vittorio Emanuele 118,SUE Comune Ideale,c_ideal,sportello+online,Proprietario o avente titolo,https://sue.comuneideale.it
218,SCIA - Pratica Edilizia,Pratica edilizia tipo SCIA presso Via XX Settembre 103,SUE Comune Ideale,c_ideal,sportello+online,Proprietario o avente titolo,https://sue.comuneideale.it
219,CIL - Pratica Edilizia,Pratica edilizia tipo CIL presso Via Manzoni 87,SUE Comune Ideale,c_ideal,sportello+online,Proprietario o avente titolo,https://sue.comuneideale.it
220,PdC - Pratica Edilizia,Pratica edilizia tipo PdC presso Via della Repubblica 131,SUE Comune Ideale,c_ideal,sportello+online,Proprietario o avente titolo,https://sue.comuneideale.it
221,CILA - Pratica Edilizia,Pratica edilizia tipo CILA presso Viale Europa 38,SUE Comune Ideale,c_ideal,sportello+online,Proprietario o avente titolo,https://sue.comuneideale.it
222,PdC - Pratica Edilizia,Pratica edilizia tipo PdC presso Via Mazzini 20,SUE Comune Ideale,c_ideal,sportello+online,Proprietario o avente titolo,https://sue.comuneideale.it
223,SCIA-Alternativa - Pratica Edilizia,Pratica edilizia tipo SCIA-Alternativa presso Corso Italia 145,SUE Comune Ideale,c_ideal,sportello+online,Proprietario o avente titolo,https://sue.comuneideale.it
224,CILA - Pratica Edilizia,Pratica edilizia tipo CILA presso Via Cavour 81,SUE Comune Ideale,c_ideal,sportello+online,Proprietario o avente titolo,https://sue.comuneideale.it
225,SCIA - Pratica Edilizia,Pratica edilizia tipo SCIA presso Via dei Mille 71,SUE Comune Ideale,c_ideal,sportello+online,Proprietario o avente titolo,https://sue.comuneideale.it
226,CILA - Pratica Edilizia,Pratica edilizia tipo CILA presso Corso Italia 10,SUE Comune Ideale,c_ideal,sportello+online,Proprietario o avente titolo,https://sue.comuneideale.it
227,SCIA - Pratica Edilizia,Pratica edilizia tipo SCIA presso Via Vittorio Emanuele 130,SUE Comune Ideale,c_ideal,sportello+online,Proprietario o avente titolo,https://sue.comuneideale.it
228,CILA - Pratica Edilizia,Pratica edilizia tipo CILA presso Via Vittorio Emanuele 49,SUE Comune Ideale,c_ideal,sportello+online,Proprietario o avente titolo,https://sue.comuneideale.it
229,SCIA-Alternativa - Pratica Edilizia,Pratica edilizia tipo SCIA-Alternativa presso Corso Italia 27,SUE Comune Ideale,c_ideal,sportello+online,Proprietario o avente titolo,https://sue.comuneideale.it
230,SCIA - Pratica Edilizia,Pratica edilizia tipo SCIA presso Via Verdi 113,SUE Comune Ideale,c_ideal,sportello+online,Proprietario o avente titolo,https://sue.comuneideale.it
231,PdC - Pratica Edilizia,Pratica edilizia tipo PdC presso Via XX Settembre 105,SUE Comune Ideale,c_ideal,sportello+online,Proprietario o avente titolo,https://sue.comuneideale.it
232,CILA - Pratica Edilizia,Pratica edilizia tipo CILA presso Via Cavour 86,SUE Comune Ideale,c_ideal,sportello+online,Proprietario o avente titolo,https://sue.comuneideale.it
233,SCIA - Pratica Edilizia,Pratica edilizia tipo SCIA presso Via Manzoni 39,SUE Comune Ideale,c_ideal,sportello+online,Proprietario o avente titolo,https://sue.comuneideale.it
234,PdC - Pratica Edilizia,Pratica edilizia tipo PdC presso Via Mazzini 22,SUE Comune Ideale,c_ideal,sportello+online,Proprietario o avente titolo,https://sue.comuneideale.it
235,CIL - Pratica Edilizia,Pratica edilizia tipo CIL presso Via Cavour 135,SUE Comune Ideale,c_ideal,sportello+online,Proprietario o avente titolo,https://sue.comuneideale.it
236,CIL - Pratica Edilizia,Pratica edilizia tipo CIL presso Via Manzoni 47,SUE Comune Ideale,c_ideal,sportello+online,Proprietario o avente titolo,https://sue.comuneideale.it
237,SCIA-Alternativa - Pratica Edilizia,Pratica edilizia tipo SCIA-Alternativa presso Via Mazzini 20,SUE Comune Ideale,c_ideal,sportello+online,Proprietario o avente titolo,https://sue.comuneideale.it
238,SCIA - Pratica Edilizia,Pratica edilizia tipo SCIA presso Via Roma 87,SUE Comune Ideale,c_ideal,sportello+online,Proprietario o avente titolo,https://sue.comuneideale.it
239,CIL - Pratica Edilizia,Pratica edilizia tipo CIL presso Via dei Mille 43,SUE Comune Ideale,c_ideal,sportello+online,Proprietario o avente titolo,https://sue.comuneideale.it
240,CILA - Pratica Edilizia,Pratica edilizia tipo CILA presso Corso Italia 73,SUE Comune Ideale,c_ideal,sportello+online,Proprietario o avente titolo,https://sue.comuneideale.it
241,SCIA-Alternativa - Pratica Edilizia,Pratica edilizia tipo SCIA-Alternativa presso Via dei Mille 121,SUE Comune Ideale,c_ideal,sportello+online,Proprietario o avente titolo,https://sue.comuneideale.it
242,SCIA-Alternativa - Pratica Edilizia,Pratica edilizia tipo SCIA-Alternativa presso Via della Repubblica 136,SUE Comune Ideale,c_ideal,sportello+online,Proprietario o avente titolo,https://sue.comuneideale.it
243,CILA - Pratica Edilizia,Pratica edilizia tipo CILA presso Via Vittorio Emanuele 36,SUE Comune Ideale,c_ideal,sportello+online,Proprietario o avente titolo,https://sue.comuneideale.it
244,SCIA-Alternativa - Pratica Edilizia,Pratica edilizia tipo SCIA-Alternativa presso Via Dante 142,SUE Comune Ideale,c_ideal,sportello+online,Proprietario o avente titolo,https://sue.comuneideale.it
245,SCIA - Pratica Edilizia,Pratica edilizia tipo SCIA presso Via Manzoni 116,SUE Comune Ideale,c_ideal,sportello+online,Proprietario o avente titolo,https://sue.comuneideale.it
246,CIL - Pratica Edilizia,Pratica edilizia tipo CIL presso Via Verdi 116,SUE Comune Ideale,c_ideal,sportello+online,Proprietario o avente titolo,https://sue.comuneideale.it
247,CIL - Pratica Edilizia,Pratica edilizia tipo CIL presso Via Verdi 99,SUE Comune Ideale,c_ideal,sportello+online,Proprietario o avente titolo,https://sue.comuneideale.it
248,CILA - Pratica Edilizia,Pratica edilizia tipo CILA presso Viale Europa 86,SUE Comune Ideale,c_ideal,sportello+online,Proprietario o avente titolo,https://sue.comuneideale.it
249,CILA - Pratica Edilizia,Pratica edilizia tipo CILA presso Corso Italia 36,SUE Comune Ideale,c_ideal,sportello+online,Proprietario o avente titolo,https://sue.comuneideale.it
250,SCIA-Alternativa - Pratica Edilizia,Pratica edilizia tipo SCIA-Alternativa presso Via Roma 66,SUE Comune Ideale,c_ideal,sportello+online,Proprietario o avente titolo,https://sue.comuneideale.it
251,PdC - Pratica Edilizia,Pratica edilizia tipo PdC presso Via Vittorio Emanuele 136,SUE Comune Ideale,c_ideal,sportello+online,Proprietario o avente titolo,https://sue.comuneideale.it
252,SCIA - Pratica Edilizia,Pratica edilizia tipo SCIA presso Via Verdi 108,SUE Comune Ideale,c_ideal,sportello+online,Proprietario o avente titolo,https://sue.comuneideale.it
253,SCIA-Alternativa - Pratica Edilizia,Pratica edilizia tipo SCIA-Alternativa presso Via Vittorio Emanuele 138,SUE Comune Ideale,c_ideal,sportello+online,Proprietario o avente titolo,https://sue.comuneideale.it
254,CILA - Pratica Edilizia,Pratica edilizia tipo CILA presso Via Roma 91,SUE Comune Ideale,c_ideal,sportello+online,Proprietario o avente titolo,https://sue.comuneideale.it
255,CIL - Pratica Edilizia,Pratica edilizia tipo CIL presso Via della Repubblica 93,SUE Comune Ideale,c_ideal,sportello+online,Proprietario o avente titolo,https://sue.comuneideale.it
256,CILA - Pratica Edilizia,Pratica edilizia tipo CILA presso Via Roma 100,SUE Comune Ideale,c_ideal,sportello+online,Proprietario o avente titolo,https://sue.comuneideale.it
257,CILA - Pratica Edilizia,Pratica edilizia tipo CILA presso Via Verdi 27,SUE Comune Ideale,c_ideal,sportello+online,Proprietario o avente titolo,https://sue.comuneideale.it
258,CILA - Pratica Edilizia,Pratica edilizia tipo CILA presso Via Dante 45,SUE Comune Ideale,c_ideal,sportello+online,Proprietario o avente titolo,https://sue.comuneideale.it
259,SCIA-Alternativa - Pratica Edilizia,Pratica edilizia tipo SCIA-Alternativa presso Via Garibaldi 118,SUE Comune Ideale,c_ideal,sportello+online,Proprietario o avente titolo,https://sue.comuneideale.it
260,CILA - Pratica Edilizia,Pratica edilizia tipo CILA presso Via Dante 80,SUE Comune Ideale,c_ideal,sportello+online,Proprietario o avente titolo,https://sue.comuneideale.it
261,SCIA-Alternativa - Pratica Edilizia,Pratica edilizia tipo SCIA-Alternativa presso Via Verdi 74,SUE Comune Ideale,c_ideal,sportello+online,Proprietario o avente titolo,https://sue.comuneideale.it
262,CILA - Pratica Edilizia,Pratica edilizia tipo CILA presso Via Cavour 85,SUE Comune Ideale,c_ideal,sportello+online,Proprietario o avente titolo,https://sue.comuneideale.it
263,CILA - Pratica Edilizia,Pratica edilizia tipo CILA presso Piazza San Marco 113,SUE Comune Ideale,c_ideal,sportello+online,Proprietario o avente titolo,https://sue.comuneideale.it
264,PdC - Pratica Edilizia,Pratica edilizia tipo PdC presso Via San Francesco 133,SUE Comune Ideale,c_ideal,sportello+online,Proprietario o avente titolo,https://sue.comuneideale.it
265,SCIA - Pratica Edilizia,Pratica edilizia tipo SCIA presso Via Vittorio Emanuele 47,SUE Comune Ideale,c_ideal,sportello+online,Proprietario o avente titolo,https://sue.comuneideale.it
266,CILA - Pratica Edilizia,Pratica edilizia tipo CILA presso Via Manzoni 115,SUE Comune Ideale,c_ideal,sportello+online,Proprietario o avente titolo,https://sue.comuneideale.it
267,CIL - Pratica Edilizia,Pratica edilizia tipo CIL presso Corso Italia 11,SUE Comune Ideale,c_ideal,sportello+online,Proprietario o avente titolo,https://sue.comuneideale.it
268,CILA - Pratica Edilizia,Pratica edilizia tipo CILA presso Via Manzoni 15,SUE Comune Ideale,c_ideal,sportello+online,Proprietario o avente titolo,https://sue.comuneideale.it
269,CIL - Pratica Edilizia,Pratica edilizia tipo CIL presso Via Roma 37,SUE Comune Ideale,c_ideal,sportello+online,Proprietario o avente titolo,https://sue.comuneideale.it
270,SCIA-Alternativa - Pratica Edilizia,Pratica edilizia tipo SCIA-Alternativa presso Via dei Mille 94,SUE Comune Ideale,c_ideal,sportello+online,Proprietario o avente titolo,https://sue.comuneideale.it
271,CILA - Pratica Edilizia,Pratica edilizia tipo CILA presso Via Dante 96,SUE Comune Ideale,c_ideal,sportello+online,Proprietario o avente titolo,https://sue.comuneideale.it
272,SCIA - Pratica Edilizia,Pratica edilizia tipo SCIA presso Via XX Settembre 81,SUE Comune Ideale,c_ideal,sportello+online,Proprietario o avente titolo,https://sue.comuneideale.it
273,CILA - Pratica Edilizia,Pratica edilizia tipo CILA presso Corso Italia 133,SUE Comune Ideale,c_ideal,sportello+online,Proprietario o avente titolo,https://sue.comuneideale.it
274,SCIA - Pratica Edilizia,Pratica edilizia tipo SCIA presso Via Verdi 74,SUE Comune Ideale,c_ideal,sportello+online,Proprietario o avente titolo,https://sue.comuneideale.it
275,CILA - Pratica Edilizia,Pratica edilizia tipo CILA presso Corso Italia 45,SUE Comune Ideale,c_ideal,sportello+online,Proprietario o avente titolo,https://sue.comuneideale.it
276,SCIA - Pratica Edilizia,Pratica edilizia tipo SCIA presso Via Cavour 82,SUE Comune Ideale,c_ideal,sportello+online,Proprietario o avente titolo,https://sue.comuneideale.it
277,SCIA - Pratica Edilizia,Pratica edilizia tipo SCIA presso Viale Europa 41,SUE Comune Ideale,c_ideal,sportello+online,Proprietario o avente titolo,https://sue.comuneideale.it
278,PdC - Pratica Edilizia,Pratica edilizia tipo PdC presso Via Dante 131,SUE Comune Ideale,c_ideal,sportello+online,Proprietario o avente titolo,https://sue.comuneideale.it
279,CILA - Pratica Edilizia,Pratica edilizia tipo CILA presso Via Mazzini 61,SUE Comune Ideale,c_ideal,sportello+online,Proprietario o avente titolo,https://sue.comuneideale.it
280,CILA - Pratica Edilizia,Pratica edilizia tipo CILA presso Via dei Mille 142,SUE Comune Ideale,c_ideal,sportello+online,Proprietario o avente titolo,https://sue.comuneideale.it
281,SCIA - Pratica Edilizia,Pratica edilizia tipo SCIA presso Via della Repubblica 106,SUE Comune Ideale,c_ideal,sportello+online,Proprietario o avente titolo,https://sue.comuneideale.it
282,SCIA - Pratica Edilizia,Pratica edilizia tipo SCIA presso Via Cavour 19,SUE Comune Ideale,c_ideal,sportello+online,Proprietario o avente titolo,https://sue.comuneideale.it
283,CILA - Pratica Edilizia,Pratica edilizia tipo CILA presso Via dei Mille 142,SUE Comune Ideale,c_ideal,sportello+online,Proprietario o avente titolo,https://sue.comuneideale.it
284,PdC - Pratica Edilizia,Pratica edilizia tipo PdC presso Via Mazzini 111,SUE Comune Ideale,c_ideal,sportello+online,Proprietario o avente titolo,https://sue.comuneideale.it
285,CILA - Pratica Edilizia,Pratica edilizia tipo CILA presso Via Garibaldi 133,SUE Comune Ideale,c_ideal,sportello+online,Proprietario o avente titolo,https://sue.comuneideale.it
286,PdC - Pratica Edilizia,Pratica edilizia tipo PdC presso Via Dante 133,SUE Comune Ideale,c_ideal,sportello+online,Proprietario o avente titolo,https://sue.comuneideale.it
287,SCIA - Pratica Edilizia,Pratica edilizia tipo SCIA presso Via Manzoni 33,SUE Comune Ideale,c_ideal,sportello+online,Proprietario o avente titolo,https://sue.comuneideale.it
288,SCIA - Pratica Edilizia,Pratica edilizia tipo SCIA presso Via Vittorio Emanuele 40,SUE Comune Ideale,c_ideal,sportello+online,Proprietario o avente titolo,https://sue.comuneideale.it
289,CILA - Pratica Edilizia,Pratica edilizia tipo CILA presso Via San Francesco 145,SUE Comune Ideale,c_ideal,sportello+online,Proprietario o avente titolo,https://sue.comuneideale.it
290,CILA - Pratica Edilizia,Pratica edilizia tipo CILA presso Via dei Mille 148,SUE Comune Ideale,c_ideal,sportello+online,Proprietario o avente titolo,https://sue.comuneideale.it
291,CILA - Pratica Edilizia,Pratica edilizia tipo CILA presso Via Vittorio Emanuele 107,SUE Comune Ideale,c_ideal,sportello+online,Proprietario o avente titolo,https://sue.comuneideale.it
292,CILA - Pratica Edilizia,Pratica edilizia tipo CILA presso Via della Repubblica 75,SUE Comune Ideale,c_ideal,sportello+online,Proprietario o avente titolo,https://sue.comuneideale.it
293,CILA - Pratica Edilizia,Pratica edilizia tipo CILA presso Via dei Mille 104,SUE Comune Ideale,c_ideal,sportello+online,Proprietario o avente titolo,https://sue.comuneideale.it
294,SCIA - Pratica Edilizia,Pratica edilizia tipo SCIA presso Via XX Settembre 124,SUE Comune Ideale,c_ideal,sportello+online,Proprietario o avente titolo,https://sue.comuneideale.it
295,CILA - Pratica Edilizia,Pratica edilizia tipo CILA presso Piazza San Marco 89,SUE Comune Ideale,c_ideal,sportello+online,Proprietario o avente titolo,https://sue.comuneideale.it
296,CILA - Pratica Edilizia,Pratica edilizia tipo CILA presso Via Verdi 120,SUE Comune Ideale,c_ideal,sportello+online,Proprietario o avente titolo,https://sue.comuneideale.it
297,SCIA-Alternativa - Pratica Edilizia,Pratica edilizia tipo SCIA-Alternativa presso Via Manzoni 99,SUE Comune Ideale,c_ideal,sportello+online,Proprietario o avente titolo,https://sue.comuneideale.it
298,CILA - Pratica Edilizia,Pratica edilizia tipo CILA presso Via San Francesco 41,SUE Comune Ideale,c_ideal,sportello+online,Proprietario o avente titolo,https://sue.comuneideale.it
299,CILA - Pratica Edilizia,Pratica edilizia tipo CILA presso Via della Repubblica 120,SUE Comune Ideale,c_ideal,sportello+online,Proprietario o avente titolo,https://sue.comuneideale.it
300,SCIA-Alternativa - Pratica Edilizia,Pratica edilizia tipo SCIA-Alternativa presso Via della Repubblica 118,SUE Comune Ideale,c_ideal,sportello+online,Proprietario o avente titolo,https://sue.comuneideale.it
301,CILA - Pratica Edilizia,Pratica edilizia tipo CILA presso Via Vittorio Emanuele 121,SUE Comune Ideale,c_ideal,sportello+online,Proprietario o avente titolo,https://sue.comuneideale.it
302,CILA - Pratica Edilizia,Pratica edilizia tipo CILA presso Via Garibaldi 111,SUE Comune Ideale,c_ideal,sportello+online,Proprietario o avente titolo,https://sue.comuneideale.it
303,CILA - Pratica Edilizia,Pratica edilizia tipo CILA presso Via XX Settembre 94,SUE Comune Ideale,c_ideal,sportello+online,Proprietario o avente titolo,https://sue.comuneideale.it
304,CILA - Pratica Edilizia,Pratica edilizia tipo CILA presso Via della Repubblica 74,SUE Comune Ideale,c_ideal,sportello+online,Proprietario o avente titolo,https://sue.comuneideale.it
305,SCIA-Alternativa - Pratica Edilizia,Pratica edilizia tipo SCIA-Alternativa presso Via della Repubblica 72,SUE Comune Ideale,c_ideal,sportello+online,Proprietario o avente titolo,https://sue.comuneideale.it
306,SCIA - Pratica Edilizia,Pratica edilizia tipo SCIA presso Via XX Settembre 96,SUE Comune Ideale,c_ideal,sportello+online,Proprietario o avente titolo,https://sue.comuneideale.it
307,CILA - Pratica Edilizia,Pratica edilizia tipo CILA presso Via Mazzini 51,SUE Comune Ideale,c_ideal,sportello+online,Proprietario o avente titolo,https://sue.comuneideale.it
308,CIL - Pratica Edilizia,Pratica edilizia tipo CIL presso Via Mazzini 86,SUE Comune Ideale,c_ideal,sportello+online,Proprietario o avente titolo,https://sue.comuneideale.it
309,SCIA-Alternativa - Pratica Edilizia,Pratica edilizia tipo SCIA-Alternativa presso Via Mazzini 84,SUE Comune Ideale,c_ideal,sportello+online,Proprietario o avente titolo,https://sue.comuneideale.it
310,PdC - Pratica Edilizia,Pratica edilizia tipo PdC presso Piazza San Marco 77,SUE Comune Ideale,c_ideal,sportello+online,Proprietario o avente titolo,https://sue.comuneideale.it
311,SCIA-Alternativa - Pratica Edilizia,Pratica edilizia tipo SCIA-Alternativa presso Viale Europa 5,SUE Comune Ideale,c_ideal,sportello+online,Proprietario o avente titolo,https://sue.comuneideale.it
312,SCIA - Pratica Edilizia,Pratica edilizia tipo SCIA presso Via Roma 122,SUE Comune Ideale,c_ideal,sportello+online,Proprietario o avente titolo,https://sue.comuneideale.it
313,CILA - Pratica Edilizia,Pratica edilizia tipo CILA presso Via Mazzini 135,SUE Comune Ideale,c_ideal,sportello+online,Proprietario o avente titolo,https://sue.comuneideale.it
314,CIL - Pratica Edilizia,Pratica edilizia tipo CIL presso Via Roma 147,SUE Comune Ideale,c_ideal,sportello+online,Proprietario o avente titolo,https://sue.comuneideale.it
315,CILA - Pratica Edilizia,Pratica edilizia tipo CILA presso Via Mazzini 106,SUE Comune Ideale,c_ideal,sportello+online,Proprietario o avente titolo,https://sue.comuneideale.it
316,CIL - Pratica Edilizia,Pratica edilizia tipo CIL presso Viale Europa 16,SUE Comune Ideale,c_ideal,sportello+online,Proprietario o avente titolo,https://sue.comuneideale.it
317,CILA - Pratica Edilizia,Pratica edilizia tipo CILA presso Via della Repubblica 97,SUE Comune Ideale,c_ideal,sportello+online,Proprietario o avente titolo,https://sue.comuneideale.it
318,SCIA-Alternativa - Pratica Edilizia,Pratica edilizia tipo SCIA-Alternativa presso Via Cavour 68,SUE Comune Ideale,c_ideal,sportello+online,Proprietario o avente titolo,https://sue.comuneideale.it
319,CILA - Pratica Edilizia,Pratica edilizia tipo CILA presso Via Verdi 77,SUE Comune Ideale,c_ideal,sportello+online,Proprietario o avente titolo,https://sue.comuneideale.it
320,CILA - Pratica Edilizia,Pratica edilizia tipo CILA presso Corso Italia 90,SUE Comune Ideale,c_ideal,sportello+online,Proprietario o avente titolo,https://sue.comuneideale.it
321,SCIA - Pratica Edilizia,Pratica edilizia tipo SCIA presso Via XX Settembre 102,SUE Comune Ideale,c_ideal,sportello+online,Proprietario o avente titolo,https://sue.comuneideale.it
322,PdC - Pratica Edilizia,Pratica edilizia tipo PdC presso Via Dante 114,SUE Comune Ideale,c_ideal,sportello+online,Proprietario o avente titolo,https://sue.comuneideale.it
323,SCIA-Alternativa - Pratica Edilizia,Pratica edilizia tipo SCIA-Alternativa presso Via Manzoni 144,SUE Comune Ideale,c_ideal,sportello+online,Proprietario o avente titolo,https://sue.comuneideale.it
324,PdC - Pratica Edilizia,Pratica edilizia tipo PdC presso Via Verdi 63,SUE Comune Ideale,c_ideal,sportello+online,Proprietario o avente titolo,https://sue.comuneideale.it
325,CILA - Pratica Edilizia,Pratica edilizia tipo CILA presso Via XX Settembre 85,SUE Comune Ideale,c_ideal,sportello+online,Proprietario o avente titolo,https://sue.comuneideale.it
326,SCIA - Pratica Edilizia,Pratica edilizia tipo SCIA presso Via della Repubblica 41,SUE Comune Ideale,c_ideal,sportello+online,Proprietario o avente titolo,https://sue.comuneideale.it
327,SCIA-Alternativa - Pratica Edilizia,Pratica edilizia tipo SCIA-Alternativa presso Via Dante 74,SUE Comune Ideale,c_ideal,sportello+online,Proprietario o avente titolo,https://sue.comuneideale.it
328,SCIA - Pratica Edilizia,Pratica edilizia tipo SCIA presso Piazza San Marco 10,SUE Comune Ideale,c_ideal,sportello+online,Proprietario o avente titolo,https://sue.comuneideale.it
329,PdC - Pratica Edilizia,Pratica edilizia tipo PdC presso Via XX Settembre 127,SUE Comune Ideale,c_ideal,sportello+online,Proprietario o avente titolo,https://sue.comuneideale.it
330,SCIA - Pratica Edilizia,Pratica edilizia tipo SCIA presso Via Vittorio Emanuele 28,SUE Comune Ideale,c_ideal,sportello+online,Proprietario o avente titolo,https://sue.comuneideale.it
331,SCIA-Alternativa - Pratica Edilizia,Pratica edilizia tipo SCIA-Alternativa presso Via San Francesco 35,SUE Comune Ideale,c_ideal,sportello+online,Proprietario o avente titolo,https://sue.comuneideale.it
332,SCIA - Pratica Edilizia,Pratica edilizia tipo SCIA presso Via Mazzini 118,SUE Comune Ideale,c_ideal,sportello+online,Proprietario o avente titolo,https://sue.comuneideale.it
333,PdC - Pratica Edilizia,Pratica edilizia tipo PdC presso Via Vittorio Emanuele 50,SUE Comune Ideale,c_ideal,sportello+online,Proprietario o avente titolo,https://sue.comuneideale.it
334,CIL - Pratica Edilizia,Pratica edilizia tipo CIL presso Via XX Settembre 132,SUE Comune Ideale,c_ideal,sportello+online,Proprietario o avente titolo,https://sue.comuneideale.it
335,CIL - Pratica Edilizia,Pratica edilizia tipo CIL presso Corso Italia 83,SUE Comune Ideale,c_ideal,sportello+online,Proprietario o avente titolo,https://sue.comuneideale.it
336,SCIA - Pratica Edilizia,Pratica edilizia tipo SCIA presso Via Dante 78,SUE Comune Ideale,c_ideal,sportello+online,Proprietario o avente titolo,https://sue.comuneideale.it
337,CILA - Pratica Edilizia,Pratica edilizia tipo CILA presso Via Roma 31,SUE Comune Ideale,c_ideal,sportello+online,Proprietario o avente titolo,https://sue.comuneideale.it
338,PdC - Pratica Edilizia,Pratica edilizia tipo PdC presso Piazza San Marco 31,SUE Comune Ideale,c_ideal,sportello+online,Proprietario o avente titolo,https://sue.comuneideale.it
339,CILA - Pratica Edilizia,Pratica edilizia tipo CILA presso Corso Italia 40,SUE Comune Ideale,c_ideal,sportello+online,Proprietario o avente titolo,https://sue.comuneideale.it
340,CILA - Pratica Edilizia,Pratica edilizia tipo CILA presso Via dei Mille 138,SUE Comune Ideale,c_ideal,sportello+online,Proprietario o avente titolo,https://sue.comuneideale.it
341,CILA - Pratica Edilizia,Pratica edilizia tipo CILA presso Via Verdi 21,SUE Comune Ideale,c_ideal,sportello+online,Proprietario o avente titolo,https://sue.comuneideale.it
342,CILA - Pratica Edilizia,Pratica edilizia tipo CILA presso Via Garibaldi 16,SUE Comune Ideale,c_ideal,sportello+online,Proprietario o avente titolo,https://sue.comuneideale.it
343,CILA - Pratica Edilizia,Pratica edilizia tipo CILA presso Via Dante 134,SUE Comune Ideale,c_ideal,sportello+online,Proprietario o avente titolo,https://sue.comuneideale.it
344,CILA - Pratica Edilizia,Pratica edilizia tipo CILA presso Via San Francesco 131,SUE Comune Ideale,c_ideal,sportello+online,Proprietario o avente titolo,https://sue.comuneideale.it
345,CILA - Pratica Edilizia,Pratica edilizia tipo CILA presso Corso Italia 145,SUE Comune Ideale,c_ideal,sportello+online,Proprietario o avente titolo,https://sue.comuneideale.it
346,SCIA-Alternativa - Pratica Edilizia,Pratica edilizia tipo SCIA-Alternativa presso Via XX Settembre 66,SUE Comune Ideale,c_ideal,sportello+online,Proprietario o avente titolo,https://sue.comuneideale.it
347,CILA - Pratica Edilizia,Pratica edilizia tipo CILA presso Via Dante 17,SUE Comune Ideale,c_ideal,sportello+online,Proprietario o avente titolo,https://sue.comuneideale.it
348,SCIA-Alternativa - Pratica Edilizia,Pratica edilizia tipo SCIA-Alternativa presso Via dei Mille 35,SUE Comune Ideale,c_ideal,sportello+online,Proprietario o avente titolo,https://sue.comuneideale.it
349,CIL - Pratica Edilizia,Pratica edilizia tipo CIL presso Via XX Settembre 115,SUE Comune Ideale,c_ideal,sportello+online,Proprietario o avente titolo,https://sue.comuneideale.it
350,SCIA - Pratica Edilizia,Pratica edilizia tipo SCIA presso Viale Europa 139,SUE Comune Ideale,c_ideal,sportello+online,Proprietario o avente titolo,https://sue.comuneideale.it
351,CILA - Pratica Edilizia,Pratica edilizia tipo CILA presso Via XX Settembre 136,SUE Comune Ideale,c_ideal,sportello+online,Proprietario o avente titolo,https://sue.comuneideale.it
352,CILA - Pratica Edilizia,Pratica edilizia tipo CILA presso Via Roma 6,SUE Comune Ideale,c_ideal,sportello+online,Proprietario o avente titolo,https://sue.comuneideale.it
353,CIL - Pratica Edilizia,Pratica edilizia tipo CIL presso Via Verdi 118,SUE Comune Ideale,c_ideal,sportello+online,Proprietario o avente titolo,https://sue.comuneideale.it
354,SCIA - Pratica Edilizia,Pratica edilizia tipo SCIA presso Piazza San Marco 29,SUE Comune Ideale,c_ideal,sportello+online,Proprietario o avente titolo,https://sue.comuneideale.it
355,CIL - Pratica Edilizia,Pratica edilizia tipo CIL presso Via Verdi 53,SUE Comune Ideale,c_ideal,sportello+online,Proprietario o avente titolo,https://sue.comuneideale.it
356,CILA - Pratica Edilizia,Pratica edilizia tipo CILA presso Via Verdi 12,SUE Comune Ideale,c_ideal,sportello+online,Proprietario o avente titolo,https://sue.comuneideale.it
357,CILA - Pratica Edilizia,Pratica edilizia tipo CILA presso Via Mazzini 129,SUE Comune Ideale,c_ideal,sportello+online,Proprietario o avente titolo,https://sue.comuneideale.it
358,CILA - Pratica Edilizia,Pratica edilizia tipo CILA presso Via Verdi 78,SUE Comune Ideale,c_ideal,sportello+online,Proprietario o avente titolo,https://sue.comuneideale.it
359,CILA - Pratica Edilizia,Pratica edilizia tipo CILA presso Via della Repubblica 45,SUE Comune Ideale,c_ideal,sportello+online,Proprietario o avente titolo,https://sue.comuneideale.it
360,CIL - Pratica Edilizia,Pratica edilizia tipo CIL presso Via Cavour 98,SUE Comune Ideale,c_ideal,sportello+online,Proprietario o avente titolo,https://sue.comuneideale.it
361,CIL - Pratica Edilizia,Pratica edilizia tipo CIL presso Via Mazzini 138,SUE Comune Ideale,c_ideal,sportello+online,Proprietario o avente titolo,https://sue.comuneideale.it
362,CILA - Pratica Edilizia,Pratica edilizia tipo CILA presso Via Mazzini 119,SUE Comune Ideale,c_ideal,sportello+online,Proprietario o avente titolo,https://sue.comuneideale.it
363,CIL - Pratica Edilizia,Pratica edilizia tipo CIL presso Via XX Settembre 63,SUE Comune Ideale,c_ideal,sportello+online,Proprietario o avente titolo,https://sue.comuneideale.it
364,CILA - Pratica Edilizia,Pratica edilizia tipo CILA presso Viale Europa 95,SUE Comune Ideale,c_ideal,sportello+online,Proprietario o avente titolo,https://sue.comuneideale.it
365,CILA - Pratica Edilizia,Pratica edilizia tipo CILA presso Via Vittorio Emanuele 11,SUE Comune Ideale,c_ideal,sportello+online,Proprietario o avente titolo,https://sue.comuneideale.it
366,CILA - Pratica Edilizia,Pratica edilizia tipo CILA presso Via Manzoni 4,SUE Comune Ideale,c_ideal,sportello+online,Proprietario o avente titolo,https://sue.comuneideale.it
367,SCIA - Pratica Edilizia,Pratica edilizia tipo SCIA presso Corso Italia 63,SUE Comune Ideale,c_ideal,sportello+online,Proprietario o avente titolo,https://sue.comuneideale.it
368,CILA - Pratica Edilizia,Pratica edilizia tipo CILA presso Via della Repubblica 83,SUE Comune Ideale,c_ideal,sportello+online,Proprietario o avente titolo,https://sue.comuneideale.it
369,SCIA-Alternativa - Pratica Edilizia,Pratica edilizia tipo SCIA-Alternativa presso Via Manzoni 93,SUE Comune Ideale,c_ideal,sportello+online,Proprietario o avente titolo,https://sue.comuneideale.it
370,SCIA-Alternativa - Pratica Edilizia,Pratica edilizia tipo SCIA-Alternativa presso Via dei Mille 82,SUE Comune Ideale,c_ideal,sportello+online,Proprietario o avente titolo,https://sue.comuneideale.it
371,CILA - Pratica Edilizia,Pratica edilizia tipo CILA presso Piazza San Marco 38,SUE Comune Ideale,c_ideal,sportello+online,Proprietario o avente titolo,https://sue.comuneideale.it
372,CIL - Pratica Edilizia,Pratica edilizia tipo CIL presso Via Verdi 98,SUE Comune Ideale,c_ideal,sportello+online,Proprietario o avente titolo,https://sue.comuneideale.it
373,CILA - Pratica Edilizia,Pratica edilizia tipo CILA presso Via Manzoni 126,SUE Comune Ideale,c_ideal,sportello+online,Proprietario o avente titolo,https://sue.comuneideale.it
374,SCIA-Alternativa - Pratica Edilizia,Pratica edilizia tipo SCIA-Alternativa presso Via Mazzini 36,SUE Comune Ideale,c_ideal,sportello+online,Proprietario o avente titolo,https://sue.comuneideale.it
375,SCIA-Alternativa - Pratica Edilizia,Pratica edilizia tipo SCIA-Alternativa presso Via della Repubblica 16,SUE Comune Ideale,c_ideal,sportello+online,Proprietario o avente titolo,https://sue.comuneideale.it
376,SCIA - Pratica Edilizia,Pratica edilizia tipo SCIA presso Via Cavour 13,SUE Comune Ideale,c_ideal,sportello+online,Proprietario o avente titolo,https://sue.comuneideale.it
377,PdC - Pratica Edilizia,Pratica edilizia tipo PdC presso Via Cavour 60,SUE Comune Ideale,c_ideal,sportello+online,Proprietario o avente titolo,https://sue.comuneideale.it
378,PdC - Pratica Edilizia,Pratica edilizia tipo PdC presso Via Dante 16,SUE Comune Ideale,c_ideal,sportello+online,Proprietario o avente titolo,https://sue.comuneideale.it
379,SCIA-Alternativa - Pratica Edilizia,Pratica edilizia tipo SCIA-Alternativa presso Via della Repubblica 142,SUE Comune Ideale,c_ideal,sportello+online,Proprietario o avente titolo,https://sue.comuneideale.it
380,CILA - Pratica Edilizia,Pratica edilizia tipo CILA presso Via Manzoni 5,SUE Comune Ideale,c_ideal,sportello+online,Proprietario o avente titolo,https://sue.comuneideale.it
381,CIL - Pratica Edilizia,Pratica edilizia tipo CIL presso Via San Francesco 46,SUE Comune Ideale,c_ideal,sportello+online,Proprietario o avente titolo,https://sue.comuneideale.it
382,PdC - Pratica Edilizia,Pratica edilizia tipo PdC presso Via Manzoni 91,SUE Comune Ideale,c_ideal,sportello+online,Proprietario o avente titolo,https://sue.comuneideale.it
383,CIL - Pratica Edilizia,Pratica edilizia tipo CIL presso Corso Italia 145,SUE Comune Ideale,c_ideal,sportello+online,Proprietario o avente titolo,https://sue.comuneideale.it
384,CILA - Pratica Edilizia,Pratica edilizia tipo CILA presso Via Cavour 9,SUE Comune Ideale,c_ideal,sportello+online,Proprietario o avente titolo,https://sue.comuneideale.it
385,CIL - Pratica Edilizia,Pratica edilizia tipo CIL presso Via Cavour 3,SUE Comune Ideale,c_ideal,sportello+online,Proprietario o avente titolo,https://sue.comuneideale.it
386,SCIA - Pratica Edilizia,Pratica edilizia tipo SCIA presso Via dei Mille 85,SUE Comune Ideale,c_ideal,sportello+online,Proprietario o avente titolo,https://sue.comuneideale.it
387,SCIA - Pratica Edilizia,Pratica edilizia tipo SCIA presso Via Verdi 55,SUE Comune Ideale,c_ideal,sportello+online,Proprietario o avente titolo,https://sue.comuneideale.it
388,SCIA-Alternativa - Pratica Edilizia,Pratica edilizia tipo SCIA-Alternativa presso Via Cavour 72,SUE Comune Ideale,c_ideal,sportello+online,Proprietario o avente titolo,https://sue.comuneideale.it
389,CILA - Pratica Edilizia,Pratica edilizia tipo CILA presso Via Dante 5,SUE Comune Ideale,c_ideal,sportello+online,Proprietario o avente titolo,https://sue.comuneideale.it
390,PdC - Pratica Edilizia,Pratica edilizia tipo PdC presso Viale Europa 102,SUE Comune Ideale,c_ideal,sportello+online,Proprietario o avente titolo,https://sue.comuneideale.it
391,PdC - Pratica Edilizia,Pratica edilizia tipo PdC presso Via Cavour 139,SUE Comune Ideale,c_ideal,sportello+online,Proprietario o avente titolo,https://sue.comuneideale.it
392,PdC - Pratica Edilizia,Pratica edilizia tipo PdC presso Piazza San Marco 21,SUE Comune Ideale,c_ideal,sportello+online,Proprietario o avente titolo,https://sue.comuneideale.it
393,CILA - Pratica Edilizia,Pratica edilizia tipo CILA presso Viale Europa 20,SUE Comune Ideale,c_ideal,sportello+online,Proprietario o avente titolo,https://sue.comuneideale.it
394,CIL - Pratica Edilizia,Pratica edilizia tipo CIL presso Via Dante 8,SUE Comune Ideale,c_ideal,sportello+online,Proprietario o avente titolo,https://sue.comuneideale.it
395,SCIA-Alternativa - Pratica Edilizia,Pratica edilizia tipo SCIA-Alternativa presso Via XX Settembre 111,SUE Comune Ideale,c_ideal,sportello+online,Proprietario o avente titolo,https://sue.comuneideale.it
396,CIL - Pratica Edilizia,Pratica edilizia tipo CIL presso Via dei Mille 64,SUE Comune Ideale,c_ideal,sportello+online,Proprietario o avente titolo,https://sue.comuneideale.it
397,SCIA - Pratica Edilizia,Pratica edilizia tipo SCIA presso Via Mazzini 100,SUE Comune Ideale,c_ideal,sportello+online,Proprietario o avente titolo,https://sue.comuneideale.it
398,SCIA - Pratica Edilizia,Pratica edilizia tipo SCIA presso Corso Italia 93,SUE Comune Ideale,c_ideal,sportello+online,Proprietario o avente titolo,https://sue.comuneideale.it
399,PdC - Pratica Edilizia,Pratica edilizia tipo PdC presso Via della Repubblica 143,SUE Comune Ideale,c_ideal,sportello+online,Proprietario o avente titolo,https://sue.comuneideale.it
