nome,anno,codice_stato_cup,costo_lavori_previsto,cup,fonte_finanziamento,lat,lon,tipo,nome_completo
	ALLARGAMENTO VIABILITÀ E PERCORSI PEDONALI IN DIREZIONE VIA ACERENZA E DISCESA SAN GERARDO  MEDIANTE SISTEMAZIONE DELLA SCA,2024,ATTIVO,2000000.00,B33D24000050001,Altro,,,REALIZZAZIONE DI LAVORI PUBBLICI (OPERE ED IMPIANTISTICA),
REALIZZAZIONE DI ALLOGGI ED ANNESSI LOCALI IN LOCALITÀ BUCALETTO NEL COMUNE DI POTENZA,2023,ATTIVO,7000000.00,B35G23000010001,Altro,,,REALIZZAZIONE DI LAVORI PUBBLICI (OPERE ED IMPIANTISTICA),
REALIZZAZIONE PARATIA,2023,ATTIVO,61726.27,B35F23000280004,Statale,,,REALIZZAZIONE DI LAVORI PUBBLICI (OPERE ED IMPIANTISTICA),
REALIZZAZIONE DI N° 2 CENTRI DI RACCOLTA COMUNALI NELLA CITTÀ DI POTENZA (ISOLA ECOLOGICA),2022,ATTIVO,1000000.00,B32F20000670006,Altro,,,REALIZZAZIONE DI LAVORI PUBBLICI (OPERE ED IMPIANTISTICA),
REALIZZAZIONE DI UN IMPIANTO DI SEPARAZIONE RU IN LOCALITÀ VALLONE CALABRESE DEL COMUNE DI POTENZA,2022,ATTIVO,1000000.00,B32F21000030001,Altro,,,REALIZZAZIONE DI LAVORI PUBBLICI (OPERE ED IMPIANTISTICA),
LAVORI DI REALIZZAZIONE DI UNA CICLOVIA URBANA - AREE D'INTERVENTO VIA DEL GALLITELLO E VIA ISCA DEL PIOPPO,2022,ATTIVO,236571.32,B31B22001580006,Statale,,,REALIZZAZIONE DI LAVORI PUBBLICI (OPERE ED IMPIANTISTICA),
MESSA IN SICUREZZA MURO DI CONTENIMENTO VILLA DI SANTA MARIA,2022,ATTIVO,203337.57,B39F22015530006,Altro,,,REALIZZAZIONE DI LAVORI PUBBLICI (OPERE ED IMPIANTISTICA),
LAVORI DI RIPRISTI,2022,ATTIVO,126478.48,B37H22002170005,Statale,,,REALIZZAZIONE DI LAVORI PUBBLICI (OPERE ED IMPIANTISTICA),
ADEGUAMENTO STRUTTURALE,2022,ATTIVO,,B36F22000340002,,,,REALIZZAZIONE DI LAVORI PUBBLICI (OPERE ED IMPIANTISTICA),
DEMOLIZIONE E REALIZZAZIONE DI 20 ALLOGGI NEL SETTORE 15 DI BUCALETTO E ACQUISTO DI 3 ALLOGGI,2021,ATTIVO,,B31B21012690002,,,,REALIZZAZIONE DI LAVORI PUBBLICI (OPERE ED IMPIANTISTICA),
DEMOLIZIONE E RICOSTRUZIONE IN SITO DELLA SCUOLA PRIMARIA,2021,ATTIVO,,B32E19000240001,,,,REALIZZAZIONE DI LAVORI PUBBLICI (OPERE ED IMPIANTISTICA),
"REALIZZAZIONE PAVIMENTAZIONI STRADALI, OPERE DI RACCOLTA DI ACQUE METEORICHE, MESSA IN SICUREZZA DI PERCORSI PEDONAL",2020,ATTIVO,586219.45,B37H20000730002,Altro,,,REALIZZAZIONE DI LAVORI PUBBLICI (OPERE ED IMPIANTISTICA),
DEMOLIZIONE PREFABBRICATI,2020,ATTIVO,382276.16,B33B20000210002,Altro,,,REALIZZAZIONE DI LAVORI PUBBLICI (OPERE ED IMPIANTISTICA),
ADEGUAMENTO LOCALI SCOLASTICI,2020,ATTIVO,39500.00,B34H20001450001,Altro,,,REALIZZAZIONE DI LAVORI PUBBLICI (OPERE ED IMPIANTISTICA),
ADATTAMENTO SPAZI SCOLASTICI,2020,ATTIVO,39000.00,B34H20001460001,Altro,,,REALIZZAZIONE DI LAVORI PUBBLICI (OPERE ED IMPIANTISTICA),
ADEGUAMENTO ENERGETICO,2019,ATTIVO,500000.00,B31I18000860006,Altro,,,REALIZZAZIONE DI LAVORI PUBBLICI (OPERE ED IMPIANTISTICA),
SOSTITUZIONE CALDAIA,2019,ATTIVO,,B31F19000190001,,,,REALIZZAZIONE DI LAVORI PUBBLICI (OPERE ED IMPIANTISTICA),
SOSTITUZIONE CALDAIA,2019,ATTIVO,,B31F19000200001,,,,REALIZZAZIONE DI LAVORI PUBBLICI (OPERE ED IMPIANTISTICA),
SOSTITUZIONE CALDAIA,2019,ATTIVO,,B31F19000180001,,,,REALIZZAZIONE DI LAVORI PUBBLICI (OPERE ED IMPIANTISTICA),
SOSTITUZIONE CALDAIA,2019,ATTIVO,,B31F19000210001,,,,REALIZZAZIONE DI LAVORI PUBBLICI (OPERE ED IMPIANTISTICA),
LAVORI DI SISTEMAZIONE FOSSO CANALE,2019,ATTIVO,,B33H19002080005,,,,REALIZZAZIONE DI LAVORI PUBBLICI (OPERE ED IMPIANTISTICA),
RESTAURO CONSERVATIVO PONTE MUSMECI,2018,ATTIVO,3000000.00,B35F17000040006,Altro,,,REALIZZAZIONE DI LAVORI PUBBLICI (OPERE ED IMPIANTISTICA),
"ADEGUAMENTO DELLA CENTRALE TERMICA, POSA IN OPERA DI PANNELLI SOLARI E MISURE DI CONTENIMENTO PASSIVO",2018,ATTIVO,610000.00,B31B16000740006,Altro,,,REALIZZAZIONE DI LAVORI PUBBLICI (OPERE ED IMPIANTISTICA),
LAVORI DI RISTRUTTURAZIONE DEGLI SPOGLIATOI DELLO STADIO VIVIANI,2018,ATTIVO,600000.00,B36I18000400002,Altro,,,REALIZZAZIONE DI LAVORI PUBBLICI (OPERE ED IMPIANTISTICA),
"ADEGUAMENTO DELLA CENTRALE TERMICA, POSA IN OPERA DI PANNELLI SOLARI E MISURE DI CONTENIMENTO PASSIVO",2018,ATTIVO,513444.88,B31B16000740006,Altro,,,REALIZZAZIONE DI LAVORI PUBBLICI (OPERE ED IMPIANTISTICA),
"ADEGUAMENTO DELLA CENTRALE TERMICA, POSA IN OPERA DI PANNELLI SOLARI E MISURE DI CONTENIMENTO PASSIVO",2018,ATTIVO,500000.00,B31B16000740006,Altro,,,REALIZZAZIONE DI LAVORI PUBBLICI (OPERE ED IMPIANTISTICA),
DEMOLIZIONE PREFABBRICATI,2018,ATTIVO,247860.51,B39E18000110006,Altro,,,REALIZZAZIONE DI LAVORI PUBBLICI (OPERE ED IMPIANTISTICA),
"ADEGUAMENTO DELLA CENTRALE TERMICA, POSA IN OPERA DI PANNELLI SOLARI E MISURE DI CONTENIMENTO PASSIVO",2018,ATTIVO,200000.00,B31B16000740006,Altro,,,REALIZZAZIONE DI LAVORI PUBBLICI (OPERE ED IMPIANTISTICA),
"ADEGUAMENTO DELLA CENTRALE TERMICA, POSA IN OPERA DI PANNELLI SOLARI E MISURE DI CONTENIMENTO PASSIVO",2018,ATTIVO,150000.00,B31B16000740006,Altro,,,REALIZZAZIONE DI LAVORI PUBBLICI (OPERE ED IMPIANTISTICA),
"ADEGUAMENTO DELLA CENTRALE TERMICA, POSA IN OPERA DI PANNELLI SOLARI E MISURE DI CONTENIMENTO PASSIVO",2018,ATTIVO,150000.00,B31B16000740006,Altro,,,REALIZZAZIONE DI LAVORI PUBBLICI (OPERE ED IMPIANTISTICA),
"ADEGUAMENTO DELLA CENTRALE TERMICA, POSA IN OPERA DI PANNELLI SOLARI E MISURE DI CONTENIMENTO PASSIVO",2018,ATTIVO,140000.00,B31B16000730006,Altro,,,REALIZZAZIONE DI LAVORI PUBBLICI (OPERE ED IMPIANTISTICA),
ADEGUAMENTO DELLA CENTRALE TERMICA E POSA IN OPERA DI PANNELLI SOLARI.,2018,ATTIVO,100000.00,B31B16000750006,Altro,,,REALIZZAZIONE DI LAVORI PUBBLICI (OPERE ED IMPIANTISTICA),
"ADEGUAMENTO DELLA CENTRALE TERMICA, POSA IN OPERA DI PANNELLI SOLARI E MISURE DI CONTENIMENTO PASSIVO",2018,ATTIVO,99950.00,B31B16000740006,Altro,,,REALIZZAZIONE DI LAVORI PUBBLICI (OPERE ED IMPIANTISTICA),
ADEGUAMENTO DELLA PRODUZIONE ENERGETICA CON POSA DI PANNELLI SOLARI TERMICI,2018,ATTIVO,80000.00,B31B16000720006,Altro,,,REALIZZAZIONE DI LAVORI PUBBLICI (OPERE ED IMPIANTISTICA),
"ADEGUAMENTO DELLA CENTRALE TERMICA, POSA IN OPERA DI PANNELLI SOLARI E MISURE DI CONTENIMENTO PASSIVO",2018,ATTIVO,42275.40,B31B16000740006,Altro,,,REALIZZAZIONE DI LAVORI PUBBLICI (OPERE ED IMPIANTISTICA),
IMPIANTO PEDONALE MECCANIZZATO PER LA RIDUZIONE DEL TRAFFICO VEICOLARE DELLA CITTÀ DI POTENZA DA VIA CAVOUR AL CENTRO,2017,ATTIVO,8800000.00,B31J17000040006,Altro,,,REALIZZAZIONE DI LAVORI PUBBLICI (OPERE ED IMPIANTISTICA),
ADEGUAMENTO SISMICO ED EFFICENTAMENTO ENERGETICO,2017,ATTIVO,2200000.00,B32B17000290006,Altro,,,REALIZZAZIONE DI LAVORI PUBBLICI (OPERE ED IMPIANTISTICA),
INDIVIDUAZIONE NEL SETTORE NORD DELLA CITTÀ DI UN'ADEGUATA AREA DI INTERSCAMBIO (,2017,ATTIVO,2150000.01,B31J17000100006,Altro,,,REALIZZAZIONE DI LAVORI PUBBLICI (OPERE ED IMPIANTISTICA),
FRUIZIONE INFRASTRUTTURA VERDE,2017,ATTIVO,2000000.00,B32H17000460006,Altro,,,REALIZZAZIONE DI LAVORI PUBBLICI (OPERE ED IMPIANTISTICA),
"LINTERVENTO CONSISTE NELLA REALIZZAZIONE DI 8 ALLOGGI DI PICCOLA E MEDIA DIMENSIONE, DA ADIBIRE ALLOGGI IN LOCAZIONE A CANONE SOCIALE",2017,ATTIVO,1400000.00,B35G17000000006,Altro,,,REALIZZAZIONE DI LAVORI PUBBLICI (OPERE ED IMPIANTISTICA),
MANUTENZIONE STRAORDINARIA TEATRO STABILE,2017,ATTIVO,750000.00,B32F17000880006,Altro,,,REALIZZAZIONE DI LAVORI PUBBLICI (OPERE ED IMPIANTISTICA),
EFFICENTAMENTO ENERGETICO,2017,ATTIVO,750000.00,B34J17000110006,Altro,,,REALIZZAZIONE DI LAVORI PUBBLICI (OPERE ED IMPIANTISTICA),
ADEGUAMENTO ENERGETICO PALESTRE,2017,ATTIVO,700000.00,B34J17000100006,Altro,,,REALIZZAZIONE DI LAVORI PUBBLICI (OPERE ED IMPIANTISTICA),
"COMPLETAMENTO DELLIMMOBILE PER LA REALIZZAZIONE DI UN MODULO ABITATIVO, CHE PUÀ OSPITARE UN MASSIMO DI 5 SOGGETTI ADULTI (18-64 ANNI) CON DISABILITÀ GRAVE",2017,ATTIVO,550000.00,B32B17000180006,Altro,,,REALIZZAZIONE DI LAVORI PUBBLICI (OPERE ED IMPIANTISTICA),
REALIZZAZIONE DI UN CENTRO DI RACCOLTA (ISOLA ECOLOGICA) PER LA RACCOLTA DIFFERENZIATA,2017,CHIUSO,500000.00,B32F17000960007,Altro,,,REALIZZAZIONE DI LAVORI PUBBLICI (OPERE ED IMPIANTISTICA),
INTERVENTI DI CHIUSURA E MESSA IN SICUREZZA DELLA DISCARICA (VASCA SCORIE DA INCEN,2017,CHIUSO,400000.00,B39G17000200002,Altro,,,REALIZZAZIONE DI LAVORI PUBBLICI (OPERE ED IMPIANTISTICA),
SISTEMA INTEGRATO DEI PARCHI STORICI DEL CENTRO CITTÀ - PARCO DI MONTEREALE,2017,ATTIVO,300000.00,B34J17000050006,Altro,,,REALIZZAZIONE DI LAVORI PUBBLICI (OPERE ED IMPIANTISTICA),
RIQUALIFICAZIONE DEL PARCO URBANO VILLA ROMAMA,2017,ATTIVO,250000.00,B31G17000130006,Altro,,,REALIZZAZIONE DI LAVORI PUBBLICI (OPERE ED IMPIANTISTICA),
LINTERVENTO PREVEDE UNA MODIFICA SOSTANZIALE DEL SISTEMA DI ILLUMINAZIONE ATTA AD OTTENERE LA RIQUALIFICAZIONE ENERGETICA DELLIMPIANTO E LA SUA MESSA A NORMA. ATTUALMENTE LA RET,2015,ATTIVO,2476753.64,B33G15000050005,Altro,,,REALIZZAZIONE DI LAVORI PUBBLICI (OPERE ED IMPIANTISTICA),
LINTERVENTO PREVEDE UNA MODIFICA SOSTANZIALE DEL SISTEMA DI ILLUMINAZIONE ATTA AD OTTENERE LA RIQUALIFICAZIONE ENERGETICA DELLIMPIANTO E LA SUA MESSA A NORMA. ATTUALMENTE LA RET,2015,ATTIVO,1945491.29,B33G15000050005,Altro,,,REALIZZAZIONE DI LAVORI PUBBLICI (OPERE ED IMPIANTISTICA),
ADEGUAMENTO ALLE NORME VIGENTI DEGLI EDIFICI SCOLASTICI ANCHE AL FINE DI OTTENERE LE NECESSARIE CERTIFICAZIONI.,2015,ATTIVO,1550000.00,B34H15002060006,Altro,,,REALIZZAZIONE DI LAVORI PUBBLICI (OPERE ED IMPIANTISTICA),
"IL CATTIVO STATO DI CONSERVAZIONE DEGLI SPAZI E DELLE STRUTTURE E LA LORO INCOMPLETA DOTAZIONE, LIMITA FORTEMENTE LATTIVITÀ DEGLI SPORT GIÀ AFFERMATI E LA DIFFUSIONE DI QU",2015,ATTIVO,1481474.08,B34H15000010001,Altro,,,REALIZZAZIONE DI LAVORI PUBBLICI (OPERE ED IMPIANTISTICA),
"LOBIETTIVO DELLINTERVENTO À IL COMPLETO RIUTILIZZO DELLEDIFICIO DELLA SCUOLA ELEMENTARE S. GIOVANNI BOSCO DI VIA VERDI, ATTUALMENTE EVACUATA A SEGUITO DI ALCUNE SOSPETTE CRITICITÀ STRUTTURALI.",2015,ATTIVO,1090000.00,B34H15000000006,Altro,,,REALIZZAZIONE DI LAVORI PUBBLICI (OPERE ED IMPIANTISTICA),
"LOBIETTIVO DELLINTERVENTO À IL COMPLETO RIUTILIZZO DELLEDIFICIO DELLA SCUOLA ELEMENTARE S. GIOVANNI BOSCO DI VIA VERDI, ATTUALMENTE EVACUATA A SEGUITO DI ALCUNE SOSPETTE CRITICITÀ STRUTTURALI.",2015,ATTIVO,925433.75,B34H15000000006,Altro,,,REALIZZAZIONE DI LAVORI PUBBLICI (OPERE ED IMPIANTISTICA),
"CON TALE INTERVENTO SI RIQUALIFICA COMPIUTAMENTE ANCHE LA SPONDA IN DESTRA IDRAULICA DEL FIUME BASENTO, OTTIMIZZANDO LA REALIZZAZIONE DEL PARCO FLUVIALE LUNG",2015,ATTIVO,750000.00,B35I15000000001,Altro,,,REALIZZAZIONE DI LAVORI PUBBLICI (OPERE ED IMPIANTISTICA),
"IL PROGETTO INTERVIENE SULLACCESSIBILITÀ PEDONALE AL CENTRO, RIQUALIFICANDO LE SCALINATE SELEZIONATE O PER LA LORO RILEVANZA RISPETTO ALLA RETE PEDONALE CITTADINA O PER LA CONDIZI",2015,ATTIVO,624454.18,B37H15000020005,Altro,,,REALIZZAZIONE DI LAVORI PUBBLICI (OPERE ED IMPIANTISTICA),
"LA PROPOSTA PREVEDE INTERVENTI CHE AGISCANO SIA IN TERMINI DI RIDUZIONE DELLE DISPERSIONI TERMICHE, SIA IN TERMINI DI MIGLIORAMENTO DELLE PRESTAZIONI DEGLI IMPIANTI, PROCEDENDO AD UN",2015,ATTIVO,615000.00,B34H15000030001,Altro,,,REALIZZAZIONE DI LAVORI PUBBLICI (OPERE ED IMPIANTISTICA),
IL PROGETTO CONSISTE ESSENZIALMENTE NELLA INSTALLAZIONE DI UN DISPOSITIVO DI CLIMATIZZAZIONE E DEUMIDIFICAZIONE MULTIFUNZIONALE NONCHÀ NELLA REALIZZAZIONE DI INTERVENTI ATTI A DOTARE LA STESSA DI SPO,2015,ATTIVO,422044.08,B34H15000040001,Altro,,,REALIZZAZIONE DI LAVORI PUBBLICI (OPERE ED IMPIANTISTICA),
"LA PROPOSTA PREVEDE INTERVENTI CHE AGISCANO SIA IN TERMINI DI RIDUZIONE DELLE DISPERSIONI TERMICHE, SIA IN TERMINI DI MIGLIORAMENTO DELLE PRESTAZIONI DEGLI IMPIANTI, PROCEDENDO AD UN",2015,ATTIVO,408917.75,B34H15000030001,Altro,,,REALIZZAZIONE DI LAVORI PUBBLICI (OPERE ED IMPIANTISTICA),
"GLI INTERVENTI RIGUARDANO PRIORITARIAMENTE IL RIFACIMENTO E LA MESSA A NORMA DEGLI IMPIANTI (ELETTRICO, DI RISCALDAMENTO E DI ILLUMINAZIONE ESTERNA ED INTERNA), ANCHE AI FINI DELLABBATTIMENTO DEI C",2015,ATTIVO,372733.37,B34H15000020001,Altro,,,REALIZZAZIONE DI LAVORI PUBBLICI (OPERE ED IMPIANTISTICA),
"PER LAMBITO RURALE, IL CRITERI DI SELEZIONE SONO ESSENZIALMENTE IL POTENZIALE BACINO DUTENZA E LA PRESENZA DI ALTRI ATTRATTORI/AGGREGATORI ANCHE MINIMI (PIAZZETTE, CHIESE, FERMATE DEL",2015,ATTIVO,359707.60,B34E15000000001,Altro,,,REALIZZAZIONE DI LAVORI PUBBLICI (OPERE ED IMPIANTISTICA),
"GLI INTERVENTI RIGUARDANO PRIORITARIAMENTE IL RIFACIMENTO E LA MESSA A NORMA DEGLI IMPIANTI (ELETTRICO, DI RISCALDAMENTO E DI ILLUMINAZIONE ESTERNA ED INTERNA), ANCHE AI FINI DELLABBATTIMENTO DEI C",2015,ATTIVO,336159.73,B34H15000020001,Altro,,,REALIZZAZIONE DI LAVORI PUBBLICI (OPERE ED IMPIANTISTICA),
EDIFICIO SCOLASTICO   LEONARDO SINISGALLI  DI VIA ANZIO   POTENZA VIA ANZIO LAVORI DI MANUTENZIONE STRAORDINARIA DELL' EDIFICIO SCOLASTICO  L. SINISGALLI  DI VIA ANZIO   POTENZA,2014,ATTIVO,187000.00,B31H13002190001,Altro,,,REALIZZAZIONE DI LAVORI PUBBLICI (OPERE ED IMPIANTISTICA),
RIQUALIFICAZIONE VICOLI CENTRO STORICO,2013,ATTIVO,4148795.63,B37H13000110001,Altro,,,REALIZZAZIONE DI LAVORI PUBBLICI (OPERE ED IMPIANTISTICA),
RIQUALIFICAZIONE VICOLI CENTRO STORICO,2013,ATTIVO,3541093.21,B37H13000110001,Altro,,,REALIZZAZIONE DI LAVORI PUBBLICI (OPERE ED IMPIANTISTICA),
CONSOLIDAMENTO,2013,ATTIVO,2300000.00,B33D13000000002,Altro,,,REALIZZAZIONE DI LAVORI PUBBLICI (OPERE ED IMPIANTISTICA),
L'IMPIANTO MECCANIZZATO DI COLLEGAMENTO TRA IL CAMPUS UNIVERSITARIO DI MACCHIA ROMANA E VIA CAVOUR,2013,ATTIVO,708996.81,B31D12000090001,Altro,,,REALIZZAZIONE DI LAVORI PUBBLICI (OPERE ED IMPIANTISTICA),
L'IMPIANTO MECCANIZZATO DI COLLEGAMENTO TRA IL CAMPUS UNIVERSITARIO DI MACCHIA ROMANA E VIA CAVOUR,2013,ATTIVO,610398.90,B31D12000090001,Altro,,,REALIZZAZIONE DI LAVORI PUBBLICI (OPERE ED IMPIANTISTICA),
POTENZIAMENTO DELLA STRUMENTAZIONE TECNOLOGICA E DEI SUPPORTI INFORMATIVI PER PALAZZO D'ERRICO.,2013,ATTIVO,299137.24,B39G13000000001,Altro,,,REALIZZAZIONE DI LAVORI PUBBLICI (OPERE ED IMPIANTISTICA),
OPERE DI MESSA IN SICUREZZA DI TRA,2013,CHIUSO,165500.00,B33D12001470002,Comunale/Regionale,,,REALIZZAZIONE DI LAVORI PUBBLICI (OPERE ED IMPIANTISTICA),
COSTRUZIONE LOCULI,2012,ATTIVO,553177.17,B33G12000100004,Comunale/Regionale,,,REALIZZAZIONE DI LAVORI PUBBLICI (OPERE ED IMPIANTISTICA),
RISAGOMATURA DI TRATTI STRADALI EXTRAURBANI DI USO PUBBLICO,2012,CHIUSO,209916.89,B37H11003450004,Comunale/Regionale,,,REALIZZAZIONE DI LAVORI PUBBLICI (OPERE ED IMPIANTISTICA),
COMPLETAMENTO DEI LOCALI ANNESSI ALLA PIAZZA SANTA CECILIA.,2012,ATTIVO,199787.00,B38C12000030005,Comunale/Regionale,,,REALIZZAZIONE DI LAVORI PUBBLICI (OPERE ED IMPIANTISTICA),
"REALIZZAZIONE DI OPERE DI REGIMAZIONE DELLE ACQUE METEORICHE (ZANELLE, TOMBINI ECC..)",2012,CHIUSO,109927.12,B37H12002200004,Comunale/Regionale,,,REALIZZAZIONE DI LAVORI PUBBLICI (OPERE ED IMPIANTISTICA),
NUOVO CIMITERO A SERVIZIO DELLA CITTÀ DI POTENZA,2011,ATTIVO,19964835.13,B39D04000050005,Privato,,,REALIZZAZIONE DI LAVORI PUBBLICI (OPERE ED IMPIANTISTICA),
RESTAURO E RIQUALIFICAZIONE DEL PALAZZO SITO IN LARGO D'ERRICO,2011,ATTIVO,2500000.00,B34H11000000005,Europeo,,,REALIZZAZIONE DI LAVORI PUBBLICI (OPERE ED IMPIANTISTICA),
REALIZZAZIONE DI UN NUOVO PARCO URBANO,2011,ATTIVO,2000000.00,B39D11000250006,Altro,,,REALIZZAZIONE DI LAVORI PUBBLICI (OPERE ED IMPIANTISTICA),
A PIEDI IN CITTA' - FERMATE E PERCORSI SENZA BARRIERE,2011,ATTIVO,1321295.00,B31B11003700002,Altro,,,REALIZZAZIONE DI LAVORI PUBBLICI (OPERE ED IMPIANTISTICA),
RECUPERO TRATTO PARCO FLUVIALE (BASENTO-MUSUMECI),2011,ATTIVO,1060485.61,B39D11000270006,Altro,,,REALIZZAZIONE DI LAVORI PUBBLICI (OPERE ED IMPIANTISTICA),
RIQUALIFICAZIONE URBANA PIAZZA ANTISTANTE LA STAZIONE CENTRALE DI POTENZA,2011,ATTIVO,868792.13,B39D11000240006,Altro,,,REALIZZAZIONE DI LAVORI PUBBLICI (OPERE ED IMPIANTISTICA),
RIQUALIFICAZIONE URBANA PIAZZA ANTISTANTE LA STAZIONE CENTRALE DI POTENZA,2011,ATTIVO,815000.00,B39D11000240006,Altro,,,REALIZZAZIONE DI LAVORI PUBBLICI (OPERE ED IMPIANTISTICA),
RECUPERO TRATTO PARCO FLUVIALE (BASENTO-MUSUMECI),2011,ATTIVO,792894.53,B39D11000270006,Altro,,,REALIZZAZIONE DI LAVORI PUBBLICI (OPERE ED IMPIANTISTICA),
ADEGUAMENTO DELLA CAPPELLA DEI CELESTINI E DELLA GALLERIA CIVICA PER LA REALIZZAZIONE DI UN MUSEO MULTIMEDIALE,2011,ATTIVO,600000.00,B39G11000080006,Altro,,,REALIZZAZIONE DI LAVORI PUBBLICI (OPERE ED IMPIANTISTICA),
ADEGUAMENTO DELLA CAPPELLA DEI CELESTINI E DELLA GALLERIA CIVICA PER LA REALIZZAZIONE DI UN MUSEO MULTIMEDIALE,2011,ATTIVO,397979.59,B39G11000080006,Altro,,,REALIZZAZIONE DI LAVORI PUBBLICI (OPERE ED IMPIANTISTICA),
INTERVENTO DI RIQUALIFICAZIONE E DI INNALZAMENTO DELLA QUALITÀ NELL'AMBITO DELL'AREA LIMITROFA AL PALAZZETTO DELLO SPORT,2011,ATTIVO,261949.15,B39B11000550006,Altro,,,REALIZZAZIONE DI LAVORI PUBBLICI (OPERE ED IMPIANTISTICA),
"MANUTENZIONE STRAORDINARIA VIABILITA' RURALE, OPERE IN C.A., GABBIONATURE, OPERE DI PRESIDIO IDRAULICO,",2010,CHIUSO,356718.28,B37H10001050004,Altro,,,REALIZZAZIONE DI LAVORI PUBBLICI (OPERE ED IMPIANTISTICA),
COMPLETAMENTO PARCO VIA TIRRENO,2010,ATTIVO,57328.97,B38J10000020004,Altro,,,REALIZZAZIONE DI LAVORI PUBBLICI (OPERE ED IMPIANTISTICA),
COSTRUZIOEN DI UN'AREA DI INTERSCAMBIO MODALE,2009,ATTIVO,4040981.44,B31D07000170001,Altro,,,REALIZZAZIONE DI LAVORI PUBBLICI (OPERE ED IMPIANTISTICA),
REALIZZAZIONE DI UNA SCALA DI EMERGENZA,2009,ATTIVO,79500.00,B39H09000110004,Altro,,,REALIZZAZIONE DI LAVORI PUBBLICI (OPERE ED IMPIANTISTICA),
RECUPERO DI UN EDIFICIO PER LA REALIZZAZIONE DEL MUSEO DEL RISORGIMENTO,2008,ATTIVO,498724.68,B32I08000090001,Europeo,,,REALIZZAZIONE DI LAVORI PUBBLICI (OPERE ED IMPIANTISTICA),
NODO COMPLESSO DEL GALLITELLO,2007,ATTIVO,29884600.00,B31B05000260007,Altro,,,REALIZZAZIONE DI LAVORI PUBBLICI (OPERE ED IMPIANTISTICA),
LAVORI DI SISTEMAZIONE VIABILITÀ RURALE,2007,ATTIVO,1251339.15,B37H06000950006,Comunale/Regionale,,,REALIZZAZIONE DI LAVORI PUBBLICI (OPERE ED IMPIANTISTICA),
STAZIONE AUTOLINEE COMPLETAMENTO PIANI SEMINTERRATI E PERCORSI PEDONALI,2006,CHIUSO,3626175.26,B46E05000000001,Altro,,,REALIZZAZIONE DI LAVORI PUBBLICI (OPERE ED IMPIANTISTICA),
SCUOLA ELEMENTARE DI VIA PERUGIA - COSTRUZIONE,2006,ATTIVO,2987365.22,B43I06000050004,Altro,,,REALIZZAZIONE DI LAVORI PUBBLICI (OPERE ED IMPIANTISTICA),
